# Blender 4.5.1 LTS
# www.blender.org
mtllib Bullet_01.mtl
o Bullet
v -0.003596 0.000000 0.000000
v -0.001466 0.000000 0.000000
v -0.002932 0.039585 -0.000000
v -0.003107 0.039585 0.000000
v -0.003190 0.039481 -0.000000
v -0.003154 0.039571 0.000000
v -0.003182 0.039533 0.000000
v -0.003190 0.034479 0.000000
v -0.003287 0.033933 0.000000
v -0.003727 0.032748 0.000000
v -0.003796 0.032371 0.000000
v -0.003645 0.001642 0.000000
v -0.003605 0.001543 0.000000
v -0.003616 0.001597 0.000000
v -0.004120 0.000524 -0.000000
v -0.004027 0.000262 0.000000
v -0.003837 0.000070 0.000000
v -0.002095 0.000070 -0.000000
v -0.002165 0.000000 0.000000
v -0.002115 0.000020 -0.000000
v -0.001676 0.000000 0.000000
v -0.001746 0.000070 -0.000000
v -0.001725 0.000020 -0.000000
v -0.001815 0.000209 -0.000000
v -0.001746 0.000140 -0.000000
v -0.001766 0.000189 -0.000000
v -0.002095 0.000140 -0.000000
v -0.002025 0.000209 -0.000000
v -0.002074 0.000189 -0.000000
v -0.004120 0.000978 -0.000000
v -0.004050 0.001047 -0.000000
v -0.004099 0.001027 -0.000000
v -0.003605 0.001117 0.000000
v -0.003674 0.001047 -0.000000
v -0.003625 0.001068 -0.000000
v -0.004069 0.002046 -0.000000
v -0.004119 0.002165 -0.000000
v -0.003541 0.000000 0.000624
v -0.001444 0.000000 0.000255
v -0.002888 0.039585 0.000509
v -0.003060 0.039585 0.000539
v -0.003141 0.039481 0.000554
v -0.003106 0.039571 0.000548
v -0.003133 0.039533 0.000552
v -0.003141 0.034479 0.000554
v -0.003237 0.033933 0.000571
v -0.003670 0.032748 0.000647
v -0.003739 0.032371 0.000659
v -0.003590 0.001642 0.000633
v -0.003550 0.001543 0.000626
v -0.003561 0.001597 0.000628
v -0.004057 0.000524 0.000715
v -0.003966 0.000262 0.000699
v -0.003778 0.000070 0.000666
v -0.002063 0.000070 0.000364
v -0.002132 0.000000 0.000376
v -0.002083 0.000020 0.000367
v -0.001650 0.000000 0.000291
v -0.001719 0.000070 0.000303
v -0.001699 0.000020 0.000300
v -0.001788 0.000209 0.000315
v -0.001719 0.000140 0.000303
v -0.001739 0.000189 0.000307
v -0.002063 0.000140 0.000364
v -0.001994 0.000209 0.000352
v -0.002043 0.000189 0.000360
v -0.004057 0.000978 0.000715
v -0.003988 0.001047 0.000703
v -0.004037 0.001027 0.000712
v -0.003550 0.001117 0.000626
v -0.003619 0.001047 0.000638
v -0.003570 0.001068 0.000629
v -0.004007 0.002046 0.000707
v -0.004056 0.002165 0.000715
v -0.003379 0.000000 0.001230
v -0.001378 0.000000 0.000501
v -0.002755 0.039585 0.001003
v -0.002919 0.039585 0.001063
v -0.002997 0.039481 0.001091
v -0.002964 0.039571 0.001079
v -0.002990 0.039533 0.001088
v -0.002997 0.034479 0.001091
v -0.003089 0.033933 0.001124
v -0.003502 0.032748 0.001275
v -0.003567 0.032371 0.001298
v -0.003425 0.001642 0.001247
v -0.003387 0.001543 0.001233
v -0.003398 0.001597 0.001237
v -0.003871 0.000524 0.001409
v -0.003784 0.000262 0.001377
v -0.003605 0.000070 0.001312
v -0.001968 0.000070 0.000716
v -0.002034 0.000000 0.000740
v -0.001988 0.000020 0.000723
v -0.001575 0.000000 0.000573
v -0.001640 0.000070 0.000597
v -0.001621 0.000020 0.000590
v -0.001706 0.000209 0.000621
v -0.001640 0.000140 0.000597
v -0.001660 0.000189 0.000604
v -0.001968 0.000140 0.000716
v -0.001903 0.000209 0.000693
v -0.001949 0.000189 0.000709
v -0.003871 0.000978 0.001409
v -0.003806 0.001047 0.001385
v -0.003852 0.001027 0.001402
v -0.003387 0.001117 0.001233
v -0.003453 0.001047 0.001257
v -0.003406 0.001068 0.001240
v -0.003824 0.002046 0.001392
v -0.003870 0.002165 0.001409
v -0.003114 0.000000 0.001798
v -0.001270 0.000000 0.000733
v -0.002539 0.039585 0.001466
v -0.002691 0.039585 0.001553
v -0.002762 0.039481 0.001595
v -0.002731 0.039571 0.001577
v -0.002755 0.039533 0.001591
v -0.002762 0.034479 0.001595
v -0.002847 0.033933 0.001644
v -0.003228 0.032748 0.001863
v -0.003288 0.032371 0.001898
v -0.003157 0.001642 0.001823
v -0.003122 0.001543 0.001802
v -0.003132 0.001597 0.001808
v -0.003568 0.000524 0.002060
v -0.003488 0.000262 0.002014
v -0.003323 0.000070 0.001918
v -0.001814 0.000070 0.001047
v -0.001875 0.000000 0.001082
v -0.001832 0.000020 0.001058
v -0.001451 0.000000 0.000838
v -0.001512 0.000070 0.000873
v -0.001494 0.000020 0.000863
v -0.001572 0.000209 0.000908
v -0.001512 0.000140 0.000873
v -0.001529 0.000189 0.000883
v -0.001814 0.000140 0.001047
v -0.001754 0.000209 0.001012
v -0.001796 0.000189 0.001037
v -0.003568 0.000978 0.002060
v -0.003507 0.001047 0.002025
v -0.003550 0.001027 0.002050
v -0.003122 0.001117 0.001802
v -0.003182 0.001047 0.001837
v -0.003139 0.001068 0.001813
v -0.003524 0.002046 0.002035
v -0.003567 0.002165 0.002059
v -0.002755 0.000000 0.002311
v -0.001123 0.000000 0.000943
v -0.002246 0.039585 0.001885
v -0.002380 0.039585 0.001997
v -0.002444 0.039481 0.002050
v -0.002416 0.039571 0.002027
v -0.002437 0.039533 0.002045
v -0.002444 0.034479 0.002050
v -0.002518 0.033933 0.002113
v -0.002855 0.032748 0.002396
v -0.002908 0.032371 0.002440
v -0.002792 0.001642 0.002343
v -0.002761 0.001543 0.002317
v -0.002770 0.001597 0.002325
v -0.003156 0.000524 0.002648
v -0.003085 0.000262 0.002589
v -0.002939 0.000070 0.002466
v -0.001605 0.000070 0.001346
v -0.001658 0.000000 0.001391
v -0.001620 0.000020 0.001360
v -0.001284 0.000000 0.001077
v -0.001337 0.000070 0.001122
v -0.001322 0.000020 0.001109
v -0.001391 0.000209 0.001167
v -0.001337 0.000140 0.001122
v -0.001353 0.000189 0.001135
v -0.001605 0.000140 0.001346
v -0.001551 0.000209 0.001302
v -0.001589 0.000189 0.001333
v -0.003156 0.000978 0.002648
v -0.003102 0.001047 0.002603
v -0.003140 0.001027 0.002635
v -0.002761 0.001117 0.002317
v -0.002815 0.001047 0.002362
v -0.002777 0.001068 0.002330
v -0.003117 0.002046 0.002616
v -0.003155 0.002165 0.002648
v -0.002311 0.000000 0.002755
v -0.000943 0.000000 0.001123
v -0.001885 0.039585 0.002246
v -0.001997 0.039585 0.002380
v -0.002050 0.039481 0.002444
v -0.002027 0.039571 0.002416
v -0.002045 0.039533 0.002437
v -0.002050 0.034479 0.002444
v -0.002113 0.033933 0.002518
v -0.002396 0.032748 0.002855
v -0.002440 0.032371 0.002908
v -0.002343 0.001642 0.002792
v -0.002317 0.001543 0.002761
v -0.002325 0.001597 0.002770
v -0.002648 0.000524 0.003156
v -0.002589 0.000262 0.003085
v -0.002466 0.000070 0.002939
v -0.001346 0.000070 0.001605
v -0.001391 0.000000 0.001658
v -0.001360 0.000020 0.001620
v -0.001077 0.000000 0.001284
v -0.001122 0.000070 0.001337
v -0.001109 0.000020 0.001322
v -0.001167 0.000209 0.001391
v -0.001122 0.000140 0.001337
v -0.001135 0.000189 0.001353
v -0.001346 0.000140 0.001605
v -0.001302 0.000209 0.001551
v -0.001333 0.000189 0.001589
v -0.002648 0.000978 0.003156
v -0.002603 0.001047 0.003102
v -0.002635 0.001027 0.003140
v -0.002317 0.001117 0.002761
v -0.002362 0.001047 0.002815
v -0.002330 0.001068 0.002777
v -0.002616 0.002046 0.003117
v -0.002648 0.002165 0.003155
v -0.001798 0.000000 0.003114
v -0.000733 0.000000 0.001270
v -0.001466 0.039585 0.002539
v -0.001553 0.039585 0.002691
v -0.001595 0.039481 0.002762
v -0.001577 0.039571 0.002731
v -0.001591 0.039533 0.002755
v -0.001595 0.034479 0.002762
v -0.001644 0.033933 0.002847
v -0.001863 0.032748 0.003228
v -0.001898 0.032371 0.003288
v -0.001823 0.001642 0.003157
v -0.001802 0.001543 0.003122
v -0.001808 0.001597 0.003132
v -0.002060 0.000524 0.003568
v -0.002014 0.000262 0.003488
v -0.001918 0.000070 0.003323
v -0.001047 0.000070 0.001814
v -0.001082 0.000000 0.001875
v -0.001058 0.000020 0.001832
v -0.000838 0.000000 0.001451
v -0.000873 0.000070 0.001512
v -0.000863 0.000020 0.001494
v -0.000908 0.000209 0.001572
v -0.000873 0.000140 0.001512
v -0.000883 0.000189 0.001529
v -0.001047 0.000140 0.001814
v -0.001012 0.000209 0.001754
v -0.001037 0.000189 0.001796
v -0.002060 0.000978 0.003568
v -0.002025 0.001047 0.003507
v -0.002050 0.001027 0.003550
v -0.001802 0.001117 0.003122
v -0.001837 0.001047 0.003182
v -0.001813 0.001068 0.003139
v -0.002035 0.002046 0.003524
v -0.002059 0.002165 0.003567
v -0.001230 0.000000 0.003379
v -0.000501 0.000000 0.001378
v -0.001003 0.039585 0.002755
v -0.001063 0.039585 0.002919
v -0.001091 0.039481 0.002997
v -0.001079 0.039571 0.002964
v -0.001088 0.039533 0.002990
v -0.001091 0.034479 0.002997
v -0.001124 0.033933 0.003089
v -0.001275 0.032748 0.003502
v -0.001298 0.032371 0.003567
v -0.001247 0.001642 0.003425
v -0.001233 0.001543 0.003387
v -0.001237 0.001597 0.003398
v -0.001409 0.000524 0.003871
v -0.001377 0.000262 0.003784
v -0.001312 0.000070 0.003605
v -0.000716 0.000070 0.001968
v -0.000740 0.000000 0.002034
v -0.000723 0.000020 0.001988
v -0.000573 0.000000 0.001575
v -0.000597 0.000070 0.001640
v -0.000590 0.000020 0.001621
v -0.000621 0.000209 0.001706
v -0.000597 0.000140 0.001640
v -0.000604 0.000189 0.001660
v -0.000716 0.000140 0.001968
v -0.000693 0.000209 0.001903
v -0.000709 0.000189 0.001949
v -0.001409 0.000978 0.003871
v -0.001385 0.001047 0.003806
v -0.001402 0.001027 0.003852
v -0.001233 0.001117 0.003387
v -0.001257 0.001047 0.003453
v -0.001240 0.001068 0.003406
v -0.001392 0.002046 0.003824
v -0.001409 0.002165 0.003870
v -0.000624 0.000000 0.003541
v -0.000255 0.000000 0.001444
v -0.000509 0.039585 0.002888
v -0.000539 0.039585 0.003060
v -0.000554 0.039481 0.003141
v -0.000548 0.039571 0.003106
v -0.000552 0.039533 0.003133
v -0.000554 0.034479 0.003141
v -0.000571 0.033933 0.003237
v -0.000647 0.032748 0.003670
v -0.000659 0.032371 0.003739
v -0.000633 0.001642 0.003590
v -0.000626 0.001543 0.003550
v -0.000628 0.001597 0.003561
v -0.000715 0.000524 0.004057
v -0.000699 0.000262 0.003966
v -0.000666 0.000070 0.003778
v -0.000364 0.000070 0.002063
v -0.000376 0.000000 0.002132
v -0.000367 0.000020 0.002083
v -0.000291 0.000000 0.001650
v -0.000303 0.000070 0.001719
v -0.000300 0.000020 0.001699
v -0.000315 0.000209 0.001788
v -0.000303 0.000140 0.001719
v -0.000307 0.000189 0.001739
v -0.000364 0.000140 0.002063
v -0.000352 0.000209 0.001994
v -0.000360 0.000189 0.002043
v -0.000715 0.000978 0.004057
v -0.000703 0.001047 0.003988
v -0.000712 0.001027 0.004037
v -0.000626 0.001117 0.003550
v -0.000638 0.001047 0.003619
v -0.000629 0.001068 0.003570
v -0.000707 0.002046 0.004007
v -0.000715 0.002165 0.004056
v 0.000000 0.000000 0.003596
v 0.000000 0.000000 0.001466
v -0.000000 0.039585 0.002932
v 0.000000 0.039585 0.003107
v -0.000000 0.039481 0.003190
v 0.000000 0.039571 0.003154
v 0.000000 0.039533 0.003182
v 0.000000 0.034479 0.003190
v 0.000000 0.033933 0.003287
v 0.000000 0.032748 0.003727
v 0.000000 0.032371 0.003796
v 0.000000 0.001642 0.003645
v 0.000000 0.001543 0.003605
v 0.000000 0.001597 0.003616
v 0.000000 0.000524 0.004120
v 0.000000 0.000262 0.004027
v 0.000000 0.000070 0.003837
v 0.000000 0.000070 0.002095
v 0.000000 0.000000 0.002165
v 0.000000 0.000020 0.002115
v 0.000000 0.000000 0.001676
v 0.000000 0.000070 0.001746
v 0.000000 0.000020 0.001725
v 0.000000 0.000209 0.001815
v 0.000000 0.000140 0.001746
v 0.000000 0.000189 0.001766
v 0.000000 0.000140 0.002095
v 0.000000 0.000209 0.002025
v 0.000000 0.000189 0.002074
v 0.000000 0.000978 0.004120
v 0.000000 0.001047 0.004050
v 0.000000 0.001027 0.004099
v 0.000000 0.001117 0.003605
v 0.000000 0.001047 0.003674
v 0.000000 0.001068 0.003625
v 0.000000 0.002046 0.004069
v 0.000000 0.002165 0.004119
v 0.000624 0.000000 0.003541
v 0.000255 0.000000 0.001444
v 0.000509 0.039585 0.002888
v 0.000539 0.039585 0.003060
v 0.000554 0.039481 0.003141
v 0.000548 0.039571 0.003106
v 0.000552 0.039533 0.003133
v 0.000554 0.034479 0.003141
v 0.000571 0.033933 0.003237
v 0.000647 0.032748 0.003670
v 0.000659 0.032371 0.003739
v 0.000633 0.001642 0.003590
v 0.000626 0.001543 0.003550
v 0.000628 0.001597 0.003561
v 0.000715 0.000524 0.004057
v 0.000699 0.000262 0.003966
v 0.000666 0.000070 0.003778
v 0.000364 0.000070 0.002063
v 0.000376 0.000000 0.002132
v 0.000367 0.000020 0.002083
v 0.000291 0.000000 0.001650
v 0.000303 0.000070 0.001719
v 0.000300 0.000020 0.001699
v 0.000315 0.000209 0.001788
v 0.000303 0.000140 0.001719
v 0.000307 0.000189 0.001739
v 0.000364 0.000140 0.002063
v 0.000352 0.000209 0.001994
v 0.000360 0.000189 0.002043
v 0.000715 0.000978 0.004057
v 0.000703 0.001047 0.003988
v 0.000712 0.001027 0.004037
v 0.000626 0.001117 0.003550
v 0.000638 0.001047 0.003619
v 0.000629 0.001068 0.003570
v 0.000707 0.002046 0.004007
v 0.000715 0.002165 0.004056
v 0.001230 0.000000 0.003379
v 0.000501 0.000000 0.001378
v 0.001003 0.039585 0.002755
v 0.001063 0.039585 0.002919
v 0.001091 0.039481 0.002997
v 0.001079 0.039571 0.002964
v 0.001088 0.039533 0.002990
v 0.001091 0.034479 0.002997
v 0.001124 0.033933 0.003089
v 0.001275 0.032748 0.003502
v 0.001298 0.032371 0.003567
v 0.001247 0.001642 0.003425
v 0.001233 0.001543 0.003387
v 0.001237 0.001597 0.003398
v 0.001409 0.000524 0.003871
v 0.001377 0.000262 0.003784
v 0.001312 0.000070 0.003605
v 0.000716 0.000070 0.001968
v 0.000740 0.000000 0.002034
v 0.000723 0.000020 0.001988
v 0.000573 0.000000 0.001575
v 0.000597 0.000070 0.001640
v 0.000590 0.000020 0.001621
v 0.000621 0.000209 0.001706
v 0.000597 0.000140 0.001640
v 0.000604 0.000189 0.001660
v 0.000716 0.000140 0.001968
v 0.000693 0.000209 0.001903
v 0.000709 0.000189 0.001949
v 0.001409 0.000978 0.003871
v 0.001385 0.001047 0.003806
v 0.001402 0.001027 0.003852
v 0.001233 0.001117 0.003387
v 0.001257 0.001047 0.003453
v 0.001240 0.001068 0.003406
v 0.001392 0.002046 0.003824
v 0.001409 0.002165 0.003870
v 0.001798 0.000000 0.003114
v 0.000733 0.000000 0.001270
v 0.001466 0.039585 0.002539
v 0.001553 0.039585 0.002691
v 0.001595 0.039481 0.002762
v 0.001577 0.039571 0.002731
v 0.001591 0.039533 0.002755
v 0.001595 0.034479 0.002762
v 0.001644 0.033933 0.002847
v 0.001863 0.032748 0.003228
v 0.001898 0.032371 0.003288
v 0.001823 0.001642 0.003157
v 0.001802 0.001543 0.003122
v 0.001808 0.001597 0.003132
v 0.002060 0.000524 0.003568
v 0.002014 0.000262 0.003488
v 0.001918 0.000070 0.003323
v 0.001047 0.000070 0.001814
v 0.001082 0.000000 0.001875
v 0.001058 0.000020 0.001832
v 0.000838 0.000000 0.001451
v 0.000873 0.000070 0.001512
v 0.000863 0.000020 0.001494
v 0.000908 0.000209 0.001572
v 0.000873 0.000140 0.001512
v 0.000883 0.000189 0.001529
v 0.001047 0.000140 0.001814
v 0.001012 0.000209 0.001754
v 0.001037 0.000189 0.001796
v 0.002060 0.000978 0.003568
v 0.002025 0.001047 0.003507
v 0.002050 0.001027 0.003550
v 0.001802 0.001117 0.003122
v 0.001837 0.001047 0.003182
v 0.001813 0.001068 0.003139
v 0.002035 0.002046 0.003524
v 0.002059 0.002165 0.003567
v 0.002311 0.000000 0.002755
v 0.000943 0.000000 0.001123
v 0.001885 0.039585 0.002246
v 0.001997 0.039585 0.002380
v 0.002050 0.039481 0.002444
v 0.002027 0.039571 0.002416
v 0.002045 0.039533 0.002437
v 0.002050 0.034479 0.002444
v 0.002113 0.033933 0.002518
v 0.002396 0.032748 0.002855
v 0.002440 0.032371 0.002908
v 0.002343 0.001642 0.002792
v 0.002317 0.001543 0.002761
v 0.002325 0.001597 0.002770
v 0.002648 0.000524 0.003156
v 0.002589 0.000262 0.003085
v 0.002466 0.000070 0.002939
v 0.001346 0.000070 0.001605
v 0.001391 0.000000 0.001658
v 0.001360 0.000020 0.001620
v 0.001077 0.000000 0.001284
v 0.001122 0.000070 0.001337
v 0.001109 0.000020 0.001322
v 0.001167 0.000209 0.001391
v 0.001122 0.000140 0.001337
v 0.001135 0.000189 0.001353
v 0.001346 0.000140 0.001605
v 0.001302 0.000209 0.001551
v 0.001333 0.000189 0.001589
v 0.002648 0.000978 0.003156
v 0.002603 0.001047 0.003102
v 0.002635 0.001027 0.003140
v 0.002317 0.001117 0.002761
v 0.002362 0.001047 0.002815
v 0.002330 0.001068 0.002777
v 0.002616 0.002046 0.003117
v 0.002648 0.002165 0.003155
v 0.002755 0.000000 0.002311
v 0.001123 0.000000 0.000943
v 0.002246 0.039585 0.001885
v 0.002380 0.039585 0.001997
v 0.002444 0.039481 0.002050
v 0.002416 0.039571 0.002027
v 0.002437 0.039533 0.002045
v 0.002444 0.034479 0.002050
v 0.002518 0.033933 0.002113
v 0.002855 0.032748 0.002396
v 0.002908 0.032371 0.002440
v 0.002792 0.001642 0.002343
v 0.002761 0.001543 0.002317
v 0.002770 0.001597 0.002325
v 0.003156 0.000524 0.002648
v 0.003085 0.000262 0.002589
v 0.002939 0.000070 0.002466
v 0.001605 0.000070 0.001346
v 0.001658 0.000000 0.001391
v 0.001620 0.000020 0.001360
v 0.001284 0.000000 0.001077
v 0.001337 0.000070 0.001122
v 0.001322 0.000020 0.001109
v 0.001391 0.000209 0.001167
v 0.001337 0.000140 0.001122
v 0.001353 0.000189 0.001135
v 0.001605 0.000140 0.001346
v 0.001551 0.000209 0.001302
v 0.001589 0.000189 0.001333
v 0.003156 0.000978 0.002648
v 0.003102 0.001047 0.002603
v 0.003140 0.001027 0.002635
v 0.002761 0.001117 0.002317
v 0.002815 0.001047 0.002362
v 0.002777 0.001068 0.002330
v 0.003117 0.002046 0.002616
v 0.003155 0.002165 0.002648
v 0.003114 0.000000 0.001798
v 0.001270 0.000000 0.000733
v 0.002539 0.039585 0.001466
v 0.002691 0.039585 0.001553
v 0.002762 0.039481 0.001595
v 0.002731 0.039571 0.001577
v 0.002755 0.039533 0.001591
v 0.002762 0.034479 0.001595
v 0.002847 0.033933 0.001644
v 0.003228 0.032748 0.001863
v 0.003288 0.032371 0.001898
v 0.003157 0.001642 0.001823
v 0.003122 0.001543 0.001802
v 0.003132 0.001597 0.001808
v 0.003568 0.000524 0.002060
v 0.003488 0.000262 0.002014
v 0.003323 0.000070 0.001918
v 0.001814 0.000070 0.001047
v 0.001875 0.000000 0.001082
v 0.001832 0.000020 0.001058
v 0.001451 0.000000 0.000838
v 0.001512 0.000070 0.000873
v 0.001494 0.000020 0.000863
v 0.001572 0.000209 0.000908
v 0.001512 0.000140 0.000873
v 0.001529 0.000189 0.000883
v 0.001814 0.000140 0.001047
v 0.001754 0.000209 0.001012
v 0.001796 0.000189 0.001037
v 0.003568 0.000978 0.002060
v 0.003507 0.001047 0.002025
v 0.003550 0.001027 0.002050
v 0.003122 0.001117 0.001802
v 0.003182 0.001047 0.001837
v 0.003139 0.001068 0.001813
v 0.003524 0.002046 0.002035
v 0.003567 0.002165 0.002059
v 0.003379 0.000000 0.001230
v 0.001378 0.000000 0.000501
v 0.002755 0.039585 0.001003
v 0.002919 0.039585 0.001063
v 0.002997 0.039481 0.001091
v 0.002964 0.039571 0.001079
v 0.002990 0.039533 0.001088
v 0.002997 0.034479 0.001091
v 0.003089 0.033933 0.001124
v 0.003502 0.032748 0.001275
v 0.003567 0.032371 0.001298
v 0.003425 0.001642 0.001247
v 0.003387 0.001543 0.001233
v 0.003398 0.001597 0.001237
v 0.003871 0.000524 0.001409
v 0.003784 0.000262 0.001377
v 0.003605 0.000070 0.001312
v 0.001968 0.000070 0.000716
v 0.002034 0.000000 0.000740
v 0.001988 0.000020 0.000723
v 0.001575 0.000000 0.000573
v 0.001640 0.000070 0.000597
v 0.001621 0.000020 0.000590
v 0.001706 0.000209 0.000621
v 0.001640 0.000140 0.000597
v 0.001660 0.000189 0.000604
v 0.001968 0.000140 0.000716
v 0.001903 0.000209 0.000693
v 0.001949 0.000189 0.000709
v 0.003871 0.000978 0.001409
v 0.003806 0.001047 0.001385
v 0.003852 0.001027 0.001402
v 0.003387 0.001117 0.001233
v 0.003453 0.001047 0.001257
v 0.003406 0.001068 0.001240
v 0.003824 0.002046 0.001392
v 0.003870 0.002165 0.001409
v 0.003541 0.000000 0.000624
v 0.001444 0.000000 0.000255
v 0.002888 0.039585 0.000509
v 0.003060 0.039585 0.000539
v 0.003141 0.039481 0.000554
v 0.003106 0.039571 0.000548
v 0.003133 0.039533 0.000552
v 0.003141 0.034479 0.000554
v 0.003237 0.033933 0.000571
v 0.003670 0.032748 0.000647
v 0.003739 0.032371 0.000659
v 0.003590 0.001642 0.000633
v 0.003550 0.001543 0.000626
v 0.003561 0.001597 0.000628
v 0.004057 0.000524 0.000715
v 0.003966 0.000262 0.000699
v 0.003778 0.000070 0.000666
v 0.002063 0.000070 0.000364
v 0.002132 0.000000 0.000376
v 0.002083 0.000020 0.000367
v 0.001650 0.000000 0.000291
v 0.001719 0.000070 0.000303
v 0.001699 0.000020 0.000300
v 0.001788 0.000209 0.000315
v 0.001719 0.000140 0.000303
v 0.001739 0.000189 0.000307
v 0.002063 0.000140 0.000364
v 0.001994 0.000209 0.000352
v 0.002043 0.000189 0.000360
v 0.004057 0.000978 0.000715
v 0.003988 0.001047 0.000703
v 0.004037 0.001027 0.000712
v 0.003550 0.001117 0.000626
v 0.003619 0.001047 0.000638
v 0.003570 0.001068 0.000629
v 0.004007 0.002046 0.000707
v 0.004056 0.002165 0.000715
v 0.003596 0.000000 -0.000000
v 0.001466 0.000000 -0.000000
v 0.002932 0.039585 0.000000
v 0.003107 0.039585 -0.000000
v 0.003190 0.039481 -0.000000
v 0.003154 0.039571 -0.000000
v 0.003182 0.039533 -0.000000
v 0.003190 0.034479 -0.000000
v 0.003287 0.033933 -0.000000
v 0.003727 0.032748 -0.000000
v 0.003796 0.032371 -0.000000
v 0.003645 0.001642 -0.000000
v 0.003605 0.001543 -0.000000
v 0.003616 0.001597 -0.000000
v 0.004120 0.000524 -0.000000
v 0.004027 0.000262 -0.000000
v 0.003837 0.000070 -0.000000
v 0.002095 0.000070 -0.000000
v 0.002165 0.000000 -0.000000
v 0.002115 0.000020 -0.000000
v 0.001676 0.000000 -0.000000
v 0.001746 0.000070 -0.000000
v 0.001725 0.000020 -0.000000
v 0.001815 0.000209 -0.000000
v 0.001746 0.000140 -0.000000
v 0.001766 0.000189 -0.000000
v 0.002095 0.000140 -0.000000
v 0.002025 0.000209 -0.000000
v 0.002074 0.000189 -0.000000
v 0.004120 0.000978 -0.000000
v 0.004050 0.001047 -0.000000
v 0.004099 0.001027 -0.000000
v 0.003605 0.001117 -0.000000
v 0.003674 0.001047 -0.000000
v 0.003625 0.001068 -0.000000
v 0.004069 0.002046 -0.000000
v 0.004119 0.002165 -0.000000
v 0.003541 0.000000 -0.000624
v 0.001444 0.000000 -0.000255
v 0.002888 0.039585 -0.000509
v 0.003060 0.039585 -0.000539
v 0.003141 0.039481 -0.000554
v 0.003106 0.039571 -0.000548
v 0.003133 0.039533 -0.000552
v 0.003141 0.034479 -0.000554
v 0.003237 0.033933 -0.000571
v 0.003670 0.032748 -0.000647
v 0.003739 0.032371 -0.000659
v 0.003590 0.001642 -0.000633
v 0.003550 0.001543 -0.000626
v 0.003561 0.001597 -0.000628
v 0.004057 0.000524 -0.000715
v 0.003966 0.000262 -0.000699
v 0.003778 0.000070 -0.000666
v 0.002063 0.000070 -0.000364
v 0.002132 0.000000 -0.000376
v 0.002083 0.000020 -0.000367
v 0.001650 0.000000 -0.000291
v 0.001719 0.000070 -0.000303
v 0.001699 0.000020 -0.000300
v 0.001788 0.000209 -0.000315
v 0.001719 0.000140 -0.000303
v 0.001739 0.000189 -0.000307
v 0.002063 0.000140 -0.000364
v 0.001994 0.000209 -0.000352
v 0.002043 0.000189 -0.000360
v 0.004057 0.000978 -0.000715
v 0.003988 0.001047 -0.000703
v 0.004037 0.001027 -0.000712
v 0.003550 0.001117 -0.000626
v 0.003619 0.001047 -0.000638
v 0.003570 0.001068 -0.000629
v 0.004007 0.002046 -0.000707
v 0.004056 0.002165 -0.000715
v 0.003379 0.000000 -0.001230
v 0.001378 0.000000 -0.000501
v 0.002755 0.039585 -0.001003
v 0.002919 0.039585 -0.001063
v 0.002997 0.039481 -0.001091
v 0.002964 0.039571 -0.001079
v 0.002990 0.039533 -0.001088
v 0.002997 0.034479 -0.001091
v 0.003089 0.033933 -0.001124
v 0.003502 0.032748 -0.001275
v 0.003567 0.032371 -0.001298
v 0.003425 0.001642 -0.001247
v 0.003387 0.001543 -0.001233
v 0.003398 0.001597 -0.001237
v 0.003871 0.000524 -0.001409
v 0.003784 0.000262 -0.001377
v 0.003605 0.000070 -0.001312
v 0.001968 0.000070 -0.000716
v 0.002034 0.000000 -0.000740
v 0.001988 0.000020 -0.000723
v 0.001575 0.000000 -0.000573
v 0.001640 0.000070 -0.000597
v 0.001621 0.000020 -0.000590
v 0.001706 0.000209 -0.000621
v 0.001640 0.000140 -0.000597
v 0.001660 0.000189 -0.000604
v 0.001968 0.000140 -0.000716
v 0.001903 0.000209 -0.000693
v 0.001949 0.000189 -0.000709
v 0.003871 0.000978 -0.001409
v 0.003806 0.001047 -0.001385
v 0.003852 0.001027 -0.001402
v 0.003387 0.001117 -0.001233
v 0.003453 0.001047 -0.001257
v 0.003406 0.001068 -0.001240
v 0.003824 0.002046 -0.001392
v 0.003870 0.002165 -0.001409
v 0.003114 0.000000 -0.001798
v 0.001270 0.000000 -0.000733
v 0.002539 0.039585 -0.001466
v 0.002691 0.039585 -0.001553
v 0.002762 0.039481 -0.001595
v 0.002731 0.039571 -0.001577
v 0.002755 0.039533 -0.001591
v 0.002762 0.034479 -0.001595
v 0.002847 0.033933 -0.001644
v 0.003228 0.032748 -0.001863
v 0.003288 0.032371 -0.001898
v 0.003157 0.001642 -0.001823
v 0.003122 0.001543 -0.001802
v 0.003132 0.001597 -0.001808
v 0.003568 0.000524 -0.002060
v 0.003488 0.000262 -0.002014
v 0.003323 0.000070 -0.001918
v 0.001814 0.000070 -0.001047
v 0.001875 0.000000 -0.001082
v 0.001832 0.000020 -0.001058
v 0.001451 0.000000 -0.000838
v 0.001512 0.000070 -0.000873
v 0.001494 0.000020 -0.000863
v 0.001572 0.000209 -0.000908
v 0.001512 0.000140 -0.000873
v 0.001529 0.000189 -0.000883
v 0.001814 0.000140 -0.001047
v 0.001754 0.000209 -0.001012
v 0.001796 0.000189 -0.001037
v 0.003568 0.000978 -0.002060
v 0.003507 0.001047 -0.002025
v 0.003550 0.001027 -0.002050
v 0.003122 0.001117 -0.001802
v 0.003182 0.001047 -0.001837
v 0.003139 0.001068 -0.001813
v 0.003524 0.002046 -0.002035
v 0.003567 0.002165 -0.002059
v 0.002755 0.000000 -0.002311
v 0.001123 0.000000 -0.000943
v 0.002246 0.039585 -0.001885
v 0.002380 0.039585 -0.001997
v 0.002444 0.039481 -0.002050
v 0.002416 0.039571 -0.002027
v 0.002437 0.039533 -0.002045
v 0.002443 0.034479 -0.002050
v 0.002518 0.033933 -0.002113
v 0.002855 0.032748 -0.002396
v 0.002908 0.032371 -0.002440
v 0.002792 0.001642 -0.002343
v 0.002761 0.001543 -0.002317
v 0.002770 0.001597 -0.002325
v 0.003156 0.000524 -0.002648
v 0.003085 0.000262 -0.002589
v 0.002939 0.000070 -0.002466
v 0.001605 0.000070 -0.001346
v 0.001658 0.000000 -0.001391
v 0.001620 0.000020 -0.001360
v 0.001284 0.000000 -0.001077
v 0.001337 0.000070 -0.001122
v 0.001322 0.000020 -0.001109
v 0.001391 0.000209 -0.001167
v 0.001337 0.000140 -0.001122
v 0.001353 0.000189 -0.001135
v 0.001605 0.000140 -0.001346
v 0.001551 0.000209 -0.001302
v 0.001589 0.000189 -0.001333
v 0.003156 0.000978 -0.002648
v 0.003102 0.001047 -0.002603
v 0.003140 0.001027 -0.002635
v 0.002761 0.001117 -0.002317
v 0.002815 0.001047 -0.002362
v 0.002777 0.001068 -0.002330
v 0.003117 0.002046 -0.002616
v 0.003155 0.002165 -0.002648
v 0.002311 0.000000 -0.002755
v 0.000943 0.000000 -0.001123
v 0.001885 0.039585 -0.002246
v 0.001997 0.039585 -0.002380
v 0.002050 0.039481 -0.002444
v 0.002027 0.039571 -0.002416
v 0.002045 0.039533 -0.002437
v 0.002050 0.034479 -0.002444
v 0.002113 0.033933 -0.002518
v 0.002396 0.032748 -0.002855
v 0.002440 0.032371 -0.002908
v 0.002343 0.001642 -0.002792
v 0.002317 0.001543 -0.002761
v 0.002325 0.001597 -0.002770
v 0.002648 0.000524 -0.003156
v 0.002589 0.000262 -0.003085
v 0.002466 0.000070 -0.002939
v 0.001346 0.000070 -0.001605
v 0.001391 0.000000 -0.001658
v 0.001360 0.000020 -0.001620
v 0.001077 0.000000 -0.001284
v 0.001122 0.000070 -0.001337
v 0.001109 0.000020 -0.001322
v 0.001167 0.000209 -0.001391
v 0.001122 0.000140 -0.001337
v 0.001135 0.000189 -0.001353
v 0.001346 0.000140 -0.001605
v 0.001302 0.000209 -0.001551
v 0.001333 0.000189 -0.001589
v 0.002648 0.000978 -0.003156
v 0.002603 0.001047 -0.003102
v 0.002635 0.001027 -0.003140
v 0.002317 0.001117 -0.002761
v 0.002362 0.001047 -0.002815
v 0.002330 0.001068 -0.002777
v 0.002616 0.002046 -0.003117
v 0.002648 0.002165 -0.003155
v 0.001798 0.000000 -0.003114
v 0.000733 0.000000 -0.001270
v 0.001466 0.039585 -0.002539
v 0.001553 0.039585 -0.002691
v 0.001595 0.039481 -0.002762
v 0.001577 0.039571 -0.002731
v 0.001591 0.039533 -0.002755
v 0.001595 0.034479 -0.002762
v 0.001644 0.033933 -0.002847
v 0.001863 0.032748 -0.003228
v 0.001898 0.032371 -0.003288
v 0.001823 0.001642 -0.003157
v 0.001802 0.001543 -0.003122
v 0.001808 0.001597 -0.003132
v 0.002060 0.000524 -0.003568
v 0.002014 0.000262 -0.003488
v 0.001918 0.000070 -0.003323
v 0.001047 0.000070 -0.001814
v 0.001082 0.000000 -0.001875
v 0.001058 0.000020 -0.001832
v 0.000838 0.000000 -0.001451
v 0.000873 0.000070 -0.001512
v 0.000863 0.000020 -0.001494
v 0.000908 0.000209 -0.001572
v 0.000873 0.000140 -0.001512
v 0.000883 0.000189 -0.001529
v 0.001047 0.000140 -0.001814
v 0.001012 0.000209 -0.001754
v 0.001037 0.000189 -0.001796
v 0.002060 0.000978 -0.003568
v 0.002025 0.001047 -0.003507
v 0.002050 0.001027 -0.003550
v 0.001802 0.001117 -0.003122
v 0.001837 0.001047 -0.003182
v 0.001813 0.001068 -0.003139
v 0.002035 0.002046 -0.003524
v 0.002059 0.002165 -0.003567
v 0.001230 0.000000 -0.003379
v 0.000501 0.000000 -0.001378
v 0.001003 0.039585 -0.002755
v 0.001063 0.039585 -0.002919
v 0.001091 0.039481 -0.002997
v 0.001079 0.039571 -0.002964
v 0.001088 0.039533 -0.002990
v 0.001091 0.034479 -0.002997
v 0.001124 0.033933 -0.003089
v 0.001275 0.032748 -0.003502
v 0.001298 0.032371 -0.003567
v 0.001247 0.001642 -0.003425
v 0.001233 0.001543 -0.003387
v 0.001237 0.001597 -0.003398
v 0.001409 0.000524 -0.003871
v 0.001377 0.000262 -0.003784
v 0.001312 0.000070 -0.003605
v 0.000716 0.000070 -0.001968
v 0.000740 0.000000 -0.002034
v 0.000723 0.000020 -0.001988
v 0.000573 0.000000 -0.001575
v 0.000597 0.000070 -0.001640
v 0.000590 0.000020 -0.001621
v 0.000621 0.000209 -0.001706
v 0.000597 0.000140 -0.001640
v 0.000604 0.000189 -0.001660
v 0.000716 0.000140 -0.001968
v 0.000693 0.000209 -0.001903
v 0.000709 0.000189 -0.001949
v 0.001409 0.000978 -0.003871
v 0.001385 0.001047 -0.003806
v 0.001402 0.001027 -0.003852
v 0.001233 0.001117 -0.003387
v 0.001257 0.001047 -0.003453
v 0.001240 0.001068 -0.003406
v 0.001392 0.002046 -0.003824
v 0.001409 0.002165 -0.003870
v 0.000624 0.000000 -0.003541
v 0.000255 0.000000 -0.001444
v 0.000509 0.039585 -0.002888
v 0.000539 0.039585 -0.003060
v 0.000554 0.039481 -0.003141
v 0.000548 0.039571 -0.003106
v 0.000552 0.039533 -0.003133
v 0.000554 0.034479 -0.003141
v 0.000571 0.033933 -0.003237
v 0.000647 0.032748 -0.003670
v 0.000659 0.032371 -0.003739
v 0.000633 0.001642 -0.003590
v 0.000626 0.001543 -0.003550
v 0.000628 0.001597 -0.003561
v 0.000715 0.000524 -0.004057
v 0.000699 0.000262 -0.003966
v 0.000666 0.000070 -0.003778
v 0.000364 0.000070 -0.002063
v 0.000376 0.000000 -0.002132
v 0.000367 0.000020 -0.002083
v 0.000291 0.000000 -0.001650
v 0.000303 0.000070 -0.001719
v 0.000300 0.000020 -0.001699
v 0.000315 0.000209 -0.001788
v 0.000303 0.000140 -0.001719
v 0.000307 0.000189 -0.001739
v 0.000364 0.000140 -0.002063
v 0.000352 0.000209 -0.001994
v 0.000360 0.000189 -0.002043
v 0.000715 0.000978 -0.004057
v 0.000703 0.001047 -0.003988
v 0.000712 0.001027 -0.004037
v 0.000626 0.001117 -0.003550
v 0.000638 0.001047 -0.003619
v 0.000629 0.001068 -0.003570
v 0.000707 0.002046 -0.004007
v 0.000715 0.002165 -0.004056
v -0.000000 0.000000 -0.003596
v -0.000000 0.000000 -0.001466
v 0.000000 0.039585 -0.002932
v -0.000000 0.039585 -0.003107
v -0.000000 0.039481 -0.003190
v -0.000000 0.039571 -0.003154
v -0.000000 0.039533 -0.003182
v -0.000000 0.034479 -0.003190
v -0.000000 0.033933 -0.003287
v -0.000000 0.032748 -0.003727
v -0.000000 0.032371 -0.003796
v -0.000000 0.001642 -0.003645
v -0.000000 0.001543 -0.003605
v -0.000000 0.001597 -0.003616
v -0.000000 0.000524 -0.004120
v -0.000000 0.000262 -0.004027
v -0.000000 0.000070 -0.003837
v -0.000000 0.000070 -0.002095
v -0.000000 0.000000 -0.002165
v -0.000000 0.000020 -0.002115
v -0.000000 0.000000 -0.001676
v -0.000000 0.000070 -0.001746
v -0.000000 0.000020 -0.001725
v -0.000000 0.000209 -0.001815
v -0.000000 0.000140 -0.001746
v -0.000000 0.000189 -0.001766
v -0.000000 0.000140 -0.002095
v -0.000000 0.000209 -0.002025
v -0.000000 0.000189 -0.002074
v -0.000000 0.000978 -0.004120
v -0.000000 0.001047 -0.004050
v -0.000000 0.001027 -0.004099
v -0.000000 0.001117 -0.003605
v -0.000000 0.001047 -0.003674
v -0.000000 0.001068 -0.003625
v -0.000000 0.002046 -0.004069
v -0.000000 0.002165 -0.004119
v -0.000624 0.000000 -0.003541
v -0.000255 0.000000 -0.001444
v -0.000509 0.039585 -0.002888
v -0.000539 0.039585 -0.003060
v -0.000554 0.039481 -0.003141
v -0.000548 0.039571 -0.003106
v -0.000552 0.039533 -0.003133
v -0.000554 0.034479 -0.003141
v -0.000571 0.033933 -0.003237
v -0.000647 0.032748 -0.003670
v -0.000659 0.032371 -0.003739
v -0.000633 0.001642 -0.003590
v -0.000626 0.001543 -0.003550
v -0.000628 0.001597 -0.003561
v -0.000715 0.000524 -0.004057
v -0.000699 0.000262 -0.003966
v -0.000666 0.000070 -0.003778
v -0.000364 0.000070 -0.002063
v -0.000376 0.000000 -0.002132
v -0.000367 0.000020 -0.002083
v -0.000291 0.000000 -0.001650
v -0.000303 0.000070 -0.001719
v -0.000300 0.000020 -0.001699
v -0.000315 0.000209 -0.001788
v -0.000303 0.000140 -0.001719
v -0.000307 0.000189 -0.001739
v -0.000364 0.000140 -0.002063
v -0.000352 0.000209 -0.001994
v -0.000360 0.000189 -0.002043
v -0.000715 0.000978 -0.004057
v -0.000703 0.001047 -0.003988
v -0.000712 0.001027 -0.004037
v -0.000626 0.001117 -0.003550
v -0.000638 0.001047 -0.003619
v -0.000629 0.001068 -0.003570
v -0.000707 0.002046 -0.004007
v -0.000715 0.002165 -0.004056
v -0.001230 0.000000 -0.003379
v -0.000501 0.000000 -0.001378
v -0.001003 0.039585 -0.002755
v -0.001063 0.039585 -0.002919
v -0.001091 0.039481 -0.002997
v -0.001079 0.039571 -0.002964
v -0.001088 0.039533 -0.002990
v -0.001091 0.034479 -0.002997
v -0.001124 0.033933 -0.003089
v -0.001275 0.032748 -0.003502
v -0.001298 0.032371 -0.003567
v -0.001247 0.001642 -0.003425
v -0.001233 0.001543 -0.003387
v -0.001237 0.001597 -0.003398
v -0.001409 0.000524 -0.003871
v -0.001377 0.000262 -0.003784
v -0.001312 0.000070 -0.003605
v -0.000716 0.000070 -0.001968
v -0.000740 0.000000 -0.002034
v -0.000723 0.000020 -0.001988
v -0.000573 0.000000 -0.001575
v -0.000597 0.000070 -0.001640
v -0.000590 0.000020 -0.001621
v -0.000621 0.000209 -0.001706
v -0.000597 0.000140 -0.001640
v -0.000604 0.000189 -0.001660
v -0.000716 0.000140 -0.001968
v -0.000693 0.000209 -0.001903
v -0.000709 0.000189 -0.001949
v -0.001409 0.000978 -0.003871
v -0.001385 0.001047 -0.003806
v -0.001402 0.001027 -0.003852
v -0.001233 0.001117 -0.003387
v -0.001257 0.001047 -0.003453
v -0.001240 0.001068 -0.003406
v -0.001392 0.002046 -0.003824
v -0.001409 0.002165 -0.003870
v -0.001798 0.000000 -0.003114
v -0.000733 0.000000 -0.001270
v -0.001466 0.039585 -0.002539
v -0.001553 0.039585 -0.002691
v -0.001595 0.039481 -0.002762
v -0.001577 0.039571 -0.002731
v -0.001591 0.039533 -0.002755
v -0.001595 0.034479 -0.002762
v -0.001644 0.033933 -0.002847
v -0.001863 0.032748 -0.003228
v -0.001898 0.032371 -0.003288
v -0.001823 0.001642 -0.003157
v -0.001802 0.001543 -0.003122
v -0.001808 0.001597 -0.003132
v -0.002060 0.000524 -0.003568
v -0.002014 0.000262 -0.003488
v -0.001918 0.000070 -0.003323
v -0.001047 0.000070 -0.001814
v -0.001082 0.000000 -0.001875
v -0.001058 0.000020 -0.001832
v -0.000838 0.000000 -0.001451
v -0.000873 0.000070 -0.001512
v -0.000863 0.000020 -0.001494
v -0.000908 0.000209 -0.001572
v -0.000873 0.000140 -0.001512
v -0.000883 0.000189 -0.001529
v -0.001047 0.000140 -0.001814
v -0.001012 0.000209 -0.001754
v -0.001037 0.000189 -0.001796
v -0.002060 0.000978 -0.003568
v -0.002025 0.001047 -0.003507
v -0.002050 0.001027 -0.003550
v -0.001802 0.001117 -0.003122
v -0.001837 0.001047 -0.003182
v -0.001813 0.001068 -0.003139
v -0.002035 0.002046 -0.003524
v -0.002059 0.002165 -0.003567
v -0.002311 0.000000 -0.002755
v -0.000943 0.000000 -0.001123
v -0.001885 0.039585 -0.002246
v -0.001997 0.039585 -0.002380
v -0.002050 0.039481 -0.002443
v -0.002027 0.039571 -0.002416
v -0.002045 0.039533 -0.002437
v -0.002050 0.034479 -0.002443
v -0.002113 0.033933 -0.002518
v -0.002396 0.032748 -0.002855
v -0.002440 0.032371 -0.002908
v -0.002343 0.001642 -0.002792
v -0.002317 0.001543 -0.002761
v -0.002325 0.001597 -0.002770
v -0.002648 0.000524 -0.003156
v -0.002589 0.000262 -0.003085
v -0.002466 0.000070 -0.002939
v -0.001346 0.000070 -0.001605
v -0.001391 0.000000 -0.001658
v -0.001360 0.000020 -0.001620
v -0.001077 0.000000 -0.001284
v -0.001122 0.000070 -0.001337
v -0.001109 0.000020 -0.001322
v -0.001167 0.000209 -0.001391
v -0.001122 0.000140 -0.001337
v -0.001135 0.000189 -0.001353
v -0.001346 0.000140 -0.001605
v -0.001302 0.000209 -0.001551
v -0.001333 0.000189 -0.001589
v -0.002648 0.000978 -0.003156
v -0.002603 0.001047 -0.003102
v -0.002635 0.001027 -0.003140
v -0.002317 0.001117 -0.002761
v -0.002362 0.001047 -0.002815
v -0.002330 0.001068 -0.002777
v -0.002616 0.002046 -0.003117
v -0.002648 0.002165 -0.003155
v -0.002755 0.000000 -0.002311
v -0.001123 0.000000 -0.000943
v -0.002246 0.039585 -0.001885
v -0.002380 0.039585 -0.001997
v -0.002444 0.039481 -0.002050
v -0.002416 0.039571 -0.002027
v -0.002437 0.039533 -0.002045
v -0.002444 0.034479 -0.002050
v -0.002518 0.033933 -0.002113
v -0.002855 0.032748 -0.002396
v -0.002908 0.032371 -0.002440
v -0.002792 0.001642 -0.002343
v -0.002761 0.001543 -0.002317
v -0.002770 0.001597 -0.002325
v -0.003156 0.000524 -0.002648
v -0.003085 0.000262 -0.002589
v -0.002939 0.000070 -0.002466
v -0.001605 0.000070 -0.001346
v -0.001658 0.000000 -0.001391
v -0.001620 0.000020 -0.001360
v -0.001284 0.000000 -0.001077
v -0.001337 0.000070 -0.001122
v -0.001322 0.000020 -0.001109
v -0.001391 0.000209 -0.001167
v -0.001337 0.000140 -0.001122
v -0.001353 0.000189 -0.001135
v -0.001605 0.000140 -0.001346
v -0.001551 0.000209 -0.001302
v -0.001589 0.000189 -0.001333
v -0.003156 0.000978 -0.002648
v -0.003102 0.001047 -0.002603
v -0.003140 0.001027 -0.002635
v -0.002761 0.001117 -0.002317
v -0.002815 0.001047 -0.002362
v -0.002777 0.001068 -0.002330
v -0.003117 0.002046 -0.002616
v -0.003155 0.002165 -0.002648
v -0.003114 0.000000 -0.001798
v -0.001270 0.000000 -0.000733
v -0.002539 0.039585 -0.001466
v -0.002691 0.039585 -0.001553
v -0.002762 0.039481 -0.001595
v -0.002731 0.039571 -0.001577
v -0.002755 0.039533 -0.001591
v -0.002762 0.034479 -0.001595
v -0.002847 0.033933 -0.001644
v -0.003228 0.032748 -0.001863
v -0.003288 0.032371 -0.001898
v -0.003157 0.001642 -0.001823
v -0.003122 0.001543 -0.001802
v -0.003132 0.001597 -0.001808
v -0.003568 0.000524 -0.002060
v -0.003488 0.000262 -0.002014
v -0.003323 0.000070 -0.001918
v -0.001814 0.000070 -0.001047
v -0.001875 0.000000 -0.001082
v -0.001832 0.000020 -0.001058
v -0.001451 0.000000 -0.000838
v -0.001512 0.000070 -0.000873
v -0.001494 0.000020 -0.000863
v -0.001572 0.000209 -0.000908
v -0.001512 0.000140 -0.000873
v -0.001529 0.000189 -0.000883
v -0.001814 0.000140 -0.001047
v -0.001754 0.000209 -0.001012
v -0.001796 0.000189 -0.001037
v -0.003568 0.000978 -0.002060
v -0.003507 0.001047 -0.002025
v -0.003550 0.001027 -0.002050
v -0.003122 0.001117 -0.001802
v -0.003182 0.001047 -0.001837
v -0.003139 0.001068 -0.001813
v -0.003524 0.002046 -0.002035
v -0.003567 0.002165 -0.002059
v -0.003379 0.000000 -0.001230
v -0.001378 0.000000 -0.000501
v -0.002755 0.039585 -0.001003
v -0.002919 0.039585 -0.001063
v -0.002997 0.039481 -0.001091
v -0.002964 0.039571 -0.001079
v -0.002990 0.039533 -0.001088
v -0.002997 0.034479 -0.001091
v -0.003089 0.033933 -0.001124
v -0.003502 0.032748 -0.001275
v -0.003567 0.032371 -0.001298
v -0.003425 0.001642 -0.001247
v -0.003387 0.001543 -0.001233
v -0.003398 0.001597 -0.001237
v -0.003871 0.000524 -0.001409
v -0.003784 0.000262 -0.001377
v -0.003605 0.000070 -0.001312
v -0.001968 0.000070 -0.000716
v -0.002034 0.000000 -0.000740
v -0.001988 0.000020 -0.000723
v -0.001575 0.000000 -0.000573
v -0.001640 0.000070 -0.000597
v -0.001621 0.000020 -0.000590
v -0.001706 0.000209 -0.000621
v -0.001640 0.000140 -0.000597
v -0.001660 0.000189 -0.000604
v -0.001968 0.000140 -0.000716
v -0.001903 0.000209 -0.000693
v -0.001949 0.000189 -0.000709
v -0.003871 0.000978 -0.001409
v -0.003806 0.001047 -0.001385
v -0.003852 0.001027 -0.001402
v -0.003387 0.001117 -0.001233
v -0.003453 0.001047 -0.001257
v -0.003406 0.001068 -0.001240
v -0.003824 0.002046 -0.001392
v -0.003870 0.002165 -0.001409
v -0.003541 0.000000 -0.000624
v -0.001444 0.000000 -0.000255
v -0.002888 0.039585 -0.000509
v -0.003060 0.039585 -0.000539
v -0.003141 0.039481 -0.000554
v -0.003106 0.039571 -0.000548
v -0.003133 0.039533 -0.000552
v -0.003141 0.034479 -0.000554
v -0.003237 0.033933 -0.000571
v -0.003670 0.032748 -0.000647
v -0.003739 0.032371 -0.000659
v -0.003590 0.001642 -0.000633
v -0.003550 0.001543 -0.000626
v -0.003561 0.001597 -0.000628
v -0.004057 0.000524 -0.000715
v -0.003966 0.000262 -0.000699
v -0.003778 0.000070 -0.000666
v -0.002063 0.000070 -0.000364
v -0.002132 0.000000 -0.000376
v -0.002083 0.000020 -0.000367
v -0.001650 0.000000 -0.000291
v -0.001719 0.000070 -0.000303
v -0.001699 0.000020 -0.000300
v -0.001788 0.000209 -0.000315
v -0.001719 0.000140 -0.000303
v -0.001739 0.000189 -0.000307
v -0.002063 0.000140 -0.000364
v -0.001994 0.000209 -0.000352
v -0.002043 0.000189 -0.000360
v -0.004057 0.000978 -0.000715
v -0.003988 0.001047 -0.000703
v -0.004037 0.001027 -0.000712
v -0.003550 0.001117 -0.000626
v -0.003619 0.001047 -0.000638
v -0.003570 0.001068 -0.000629
v -0.004007 0.002046 -0.000707
v -0.004056 0.002165 -0.000715
v -0.000475 0.055696 0.000000
v 0.000000 0.055971 0.000000
v -0.000149 0.055958 0.000000
v -0.000331 0.055865 0.000000
v -0.002932 0.039585 -0.000000
v -0.000777 0.054983 0.000000
v -0.001060 0.054223 0.000000
v -0.001321 0.053416 0.000000
v -0.001564 0.052565 0.000000
v -0.001787 0.051673 0.000000
v -0.001992 0.050743 0.000000
v -0.002179 0.049777 0.000000
v -0.002347 0.048777 0.000000
v -0.002497 0.047743 0.000000
v -0.002627 0.046678 0.000000
v -0.002737 0.045580 0.000000
v -0.002826 0.044450 0.000000
v -0.002890 0.043287 0.000000
v -0.002930 0.042089 0.000000
v -0.002944 0.040855 0.000000
v -0.000468 0.055696 0.000082
v -0.000147 0.055958 0.000026
v -0.000326 0.055865 0.000057
v -0.002888 0.039585 0.000509
v -0.000766 0.054983 0.000135
v -0.001043 0.054223 0.000184
v -0.001301 0.053416 0.000229
v -0.001540 0.052565 0.000272
v -0.001760 0.051673 0.000310
v -0.001962 0.050743 0.000346
v -0.002146 0.049777 0.000378
v -0.002312 0.048777 0.000408
v -0.002459 0.047743 0.000434
v -0.002588 0.046678 0.000456
v -0.002696 0.045580 0.000475
v -0.002783 0.044450 0.000491
v -0.002846 0.043287 0.000502
v -0.002886 0.042089 0.000509
v -0.002899 0.040855 0.000511
v -0.000446 0.055696 0.000162
v -0.000140 0.055958 0.000051
v -0.000311 0.055865 0.000113
v -0.002755 0.039585 0.001003
v -0.000731 0.054983 0.000266
v -0.000996 0.054223 0.000362
v -0.001242 0.053416 0.000452
v -0.001469 0.052565 0.000535
v -0.001679 0.051673 0.000611
v -0.001872 0.050743 0.000681
v -0.002047 0.049777 0.000745
v -0.002206 0.048777 0.000803
v -0.002346 0.047743 0.000854
v -0.002469 0.046678 0.000899
v -0.002572 0.045580 0.000936
v -0.002655 0.044450 0.000966
v -0.002716 0.043287 0.000989
v -0.002754 0.042089 0.001002
v -0.002767 0.040855 0.001007
v -0.000411 0.055696 0.000237
v -0.000129 0.055958 0.000075
v -0.000287 0.055865 0.000165
v -0.002539 0.039585 0.001466
v -0.000673 0.054983 0.000389
v -0.000918 0.054223 0.000530
v -0.001144 0.053416 0.000661
v -0.001354 0.052565 0.000782
v -0.001548 0.051673 0.000894
v -0.001725 0.050743 0.000996
v -0.001887 0.049777 0.001089
v -0.002033 0.048777 0.001174
v -0.002163 0.047743 0.001249
v -0.002275 0.046678 0.001314
v -0.002371 0.045580 0.001369
v -0.002447 0.044450 0.001413
v -0.002503 0.043287 0.001445
v -0.002538 0.042089 0.001465
v -0.002550 0.040855 0.001472
v -0.000364 0.055696 0.000305
v -0.000114 0.055958 0.000096
v -0.000253 0.055865 0.000213
v -0.002246 0.039585 0.001885
v -0.000596 0.054983 0.000500
v -0.000812 0.054223 0.000681
v -0.001012 0.053416 0.000849
v -0.001198 0.052565 0.001005
v -0.001369 0.051673 0.001149
v -0.001526 0.050743 0.001280
v -0.001669 0.049777 0.001400
v -0.001798 0.048777 0.001509
v -0.001913 0.047743 0.001605
v -0.002013 0.046678 0.001689
v -0.002097 0.045580 0.001760
v -0.002164 0.044450 0.001816
v -0.002214 0.043287 0.001858
v -0.002245 0.042089 0.001884
v -0.002255 0.040855 0.001892
v -0.000305 0.055696 0.000364
v -0.000096 0.055958 0.000114
v -0.000213 0.055865 0.000253
v -0.001885 0.039585 0.002246
v -0.000500 0.054983 0.000596
v -0.000681 0.054223 0.000812
v -0.000849 0.053416 0.001012
v -0.001005 0.052565 0.001198
v -0.001149 0.051673 0.001369
v -0.001280 0.050743 0.001526
v -0.001400 0.049777 0.001669
v -0.001509 0.048777 0.001798
v -0.001605 0.047743 0.001913
v -0.001689 0.046678 0.002013
v -0.001760 0.045580 0.002097
v -0.001816 0.044450 0.002164
v -0.001858 0.043287 0.002214
v -0.001884 0.042089 0.002245
v -0.001892 0.040855 0.002255
v -0.000237 0.055696 0.000411
v -0.000075 0.055958 0.000129
v -0.000165 0.055865 0.000287
v -0.001466 0.039585 0.002539
v -0.000389 0.054983 0.000673
v -0.000530 0.054223 0.000918
v -0.000661 0.053416 0.001144
v -0.000782 0.052565 0.001354
v -0.000894 0.051673 0.001548
v -0.000996 0.050743 0.001725
v -0.001089 0.049777 0.001887
v -0.001174 0.048777 0.002033
v -0.001249 0.047743 0.002163
v -0.001314 0.046678 0.002275
v -0.001369 0.045580 0.002371
v -0.001413 0.044450 0.002447
v -0.001445 0.043287 0.002503
v -0.001465 0.042089 0.002538
v -0.001472 0.040855 0.002550
v -0.000162 0.055696 0.000446
v -0.000051 0.055958 0.000140
v -0.000113 0.055865 0.000311
v -0.001003 0.039585 0.002755
v -0.000266 0.054983 0.000731
v -0.000362 0.054223 0.000996
v -0.000452 0.053416 0.001242
v -0.000535 0.052565 0.001469
v -0.000611 0.051673 0.001679
v -0.000681 0.050743 0.001872
v -0.000745 0.049777 0.002047
v -0.000803 0.048777 0.002206
v -0.000854 0.047743 0.002346
v -0.000899 0.046678 0.002469
v -0.000936 0.045580 0.002572
v -0.000966 0.044450 0.002655
v -0.000989 0.043287 0.002716
v -0.001002 0.042089 0.002754
v -0.001007 0.040855 0.002767
v -0.000082 0.055696 0.000468
v -0.000026 0.055958 0.000147
v -0.000057 0.055865 0.000326
v -0.000509 0.039585 0.002888
v -0.000135 0.054983 0.000766
v -0.000184 0.054223 0.001043
v -0.000229 0.053416 0.001301
v -0.000272 0.052565 0.001540
v -0.000310 0.051673 0.001760
v -0.000346 0.050743 0.001962
v -0.000378 0.049777 0.002146
v -0.000408 0.048777 0.002312
v -0.000434 0.047743 0.002459
v -0.000456 0.046678 0.002588
v -0.000475 0.045580 0.002696
v -0.000491 0.044450 0.002783
v -0.000502 0.043287 0.002846
v -0.000509 0.042089 0.002886
v -0.000511 0.040855 0.002899
v 0.000000 0.055696 0.000475
v 0.000000 0.055958 0.000149
v 0.000000 0.055865 0.000331
v -0.000000 0.039585 0.002932
v 0.000000 0.054983 0.000777
v 0.000000 0.054223 0.001060
v 0.000000 0.053416 0.001321
v 0.000000 0.052565 0.001564
v 0.000000 0.051673 0.001787
v 0.000000 0.050743 0.001992
v 0.000000 0.049777 0.002179
v 0.000000 0.048777 0.002347
v 0.000000 0.047743 0.002497
v 0.000000 0.046678 0.002627
v 0.000000 0.045580 0.002737
v 0.000000 0.044450 0.002826
v 0.000000 0.043287 0.002890
v 0.000000 0.042089 0.002930
v 0.000000 0.040855 0.002944
v 0.000082 0.055696 0.000468
v 0.000026 0.055958 0.000147
v 0.000057 0.055865 0.000326
v 0.000509 0.039585 0.002888
v 0.000135 0.054983 0.000766
v 0.000184 0.054223 0.001043
v 0.000229 0.053416 0.001301
v 0.000272 0.052565 0.001540
v 0.000310 0.051673 0.001760
v 0.000346 0.050743 0.001962
v 0.000378 0.049777 0.002146
v 0.000408 0.048777 0.002312
v 0.000434 0.047743 0.002459
v 0.000456 0.046678 0.002588
v 0.000475 0.045580 0.002696
v 0.000491 0.044450 0.002783
v 0.000502 0.043287 0.002846
v 0.000509 0.042089 0.002886
v 0.000511 0.040855 0.002899
v 0.000162 0.055696 0.000446
v 0.000051 0.055958 0.000140
v 0.000113 0.055865 0.000311
v 0.001003 0.039585 0.002755
v 0.000266 0.054983 0.000731
v 0.000362 0.054223 0.000996
v 0.000452 0.053416 0.001242
v 0.000535 0.052565 0.001469
v 0.000611 0.051673 0.001679
v 0.000681 0.050743 0.001872
v 0.000745 0.049777 0.002047
v 0.000803 0.048777 0.002206
v 0.000854 0.047743 0.002346
v 0.000899 0.046678 0.002469
v 0.000936 0.045580 0.002572
v 0.000966 0.044450 0.002655
v 0.000989 0.043287 0.002716
v 0.001002 0.042089 0.002754
v 0.001007 0.040855 0.002767
v 0.000237 0.055696 0.000411
v 0.000075 0.055958 0.000129
v 0.000165 0.055865 0.000287
v 0.001466 0.039585 0.002539
v 0.000389 0.054983 0.000673
v 0.000530 0.054223 0.000918
v 0.000661 0.053416 0.001144
v 0.000782 0.052565 0.001354
v 0.000894 0.051673 0.001548
v 0.000996 0.050743 0.001725
v 0.001089 0.049777 0.001887
v 0.001174 0.048777 0.002033
v 0.001249 0.047743 0.002163
v 0.001314 0.046678 0.002275
v 0.001369 0.045580 0.002371
v 0.001413 0.044450 0.002447
v 0.001445 0.043287 0.002503
v 0.001465 0.042089 0.002538
v 0.001472 0.040855 0.002550
v 0.000305 0.055696 0.000364
v 0.000096 0.055958 0.000114
v 0.000213 0.055865 0.000253
v 0.001885 0.039585 0.002246
v 0.000500 0.054983 0.000596
v 0.000681 0.054223 0.000812
v 0.000849 0.053416 0.001012
v 0.001005 0.052565 0.001198
v 0.001149 0.051673 0.001369
v 0.001280 0.050743 0.001526
v 0.001400 0.049777 0.001669
v 0.001509 0.048777 0.001798
v 0.001605 0.047743 0.001913
v 0.001689 0.046678 0.002013
v 0.001760 0.045580 0.002097
v 0.001816 0.044450 0.002164
v 0.001858 0.043287 0.002214
v 0.001884 0.042089 0.002245
v 0.001892 0.040855 0.002255
v 0.000364 0.055696 0.000305
v 0.000114 0.055958 0.000096
v 0.000253 0.055865 0.000213
v 0.002246 0.039585 0.001885
v 0.000596 0.054983 0.000500
v 0.000812 0.054223 0.000681
v 0.001012 0.053416 0.000849
v 0.001198 0.052565 0.001005
v 0.001369 0.051673 0.001149
v 0.001526 0.050743 0.001280
v 0.001669 0.049777 0.001400
v 0.001798 0.048777 0.001509
v 0.001913 0.047743 0.001605
v 0.002013 0.046678 0.001689
v 0.002097 0.045580 0.001760
v 0.002164 0.044450 0.001816
v 0.002214 0.043287 0.001858
v 0.002245 0.042089 0.001884
v 0.002255 0.040855 0.001892
v 0.000411 0.055696 0.000237
v 0.000129 0.055958 0.000075
v 0.000287 0.055865 0.000165
v 0.002539 0.039585 0.001466
v 0.000673 0.054983 0.000389
v 0.000918 0.054223 0.000530
v 0.001144 0.053416 0.000661
v 0.001354 0.052565 0.000782
v 0.001548 0.051673 0.000894
v 0.001725 0.050743 0.000996
v 0.001887 0.049777 0.001089
v 0.002033 0.048777 0.001174
v 0.002163 0.047743 0.001249
v 0.002275 0.046678 0.001314
v 0.002371 0.045580 0.001369
v 0.002447 0.044450 0.001413
v 0.002503 0.043287 0.001445
v 0.002538 0.042089 0.001465
v 0.002550 0.040855 0.001472
v 0.000446 0.055696 0.000162
v 0.000140 0.055958 0.000051
v 0.000311 0.055865 0.000113
v 0.002755 0.039585 0.001003
v 0.000731 0.054983 0.000266
v 0.000996 0.054223 0.000362
v 0.001242 0.053416 0.000452
v 0.001469 0.052565 0.000535
v 0.001679 0.051673 0.000611
v 0.001872 0.050743 0.000681
v 0.002047 0.049777 0.000745
v 0.002206 0.048777 0.000803
v 0.002346 0.047743 0.000854
v 0.002469 0.046678 0.000899
v 0.002572 0.045580 0.000936
v 0.002655 0.044450 0.000966
v 0.002716 0.043287 0.000989
v 0.002754 0.042089 0.001002
v 0.002767 0.040855 0.001007
v 0.000468 0.055696 0.000082
v 0.000147 0.055958 0.000026
v 0.000326 0.055865 0.000057
v 0.002888 0.039585 0.000509
v 0.000766 0.054983 0.000135
v 0.001043 0.054223 0.000184
v 0.001301 0.053416 0.000229
v 0.001540 0.052565 0.000272
v 0.001760 0.051673 0.000310
v 0.001962 0.050743 0.000346
v 0.002146 0.049777 0.000378
v 0.002312 0.048777 0.000408
v 0.002459 0.047743 0.000434
v 0.002588 0.046678 0.000456
v 0.002696 0.045580 0.000475
v 0.002783 0.044450 0.000491
v 0.002846 0.043287 0.000502
v 0.002886 0.042089 0.000509
v 0.002899 0.040855 0.000511
v 0.000475 0.055696 -0.000000
v 0.000149 0.055958 -0.000000
v 0.000331 0.055865 -0.000000
v 0.002932 0.039585 0.000000
v 0.000777 0.054983 -0.000000
v 0.001060 0.054223 -0.000000
v 0.001321 0.053416 -0.000000
v 0.001564 0.052565 -0.000000
v 0.001787 0.051673 -0.000000
v 0.001992 0.050743 -0.000000
v 0.002179 0.049777 -0.000000
v 0.002347 0.048777 -0.000000
v 0.002497 0.047743 -0.000000
v 0.002627 0.046678 -0.000000
v 0.002737 0.045580 -0.000000
v 0.002826 0.044450 -0.000000
v 0.002890 0.043287 -0.000000
v 0.002930 0.042089 -0.000000
v 0.002944 0.040855 -0.000000
v 0.000468 0.055696 -0.000082
v 0.000147 0.055958 -0.000026
v 0.000326 0.055865 -0.000057
v 0.002888 0.039585 -0.000509
v 0.000766 0.054983 -0.000135
v 0.001043 0.054223 -0.000184
v 0.001301 0.053416 -0.000229
v 0.001540 0.052565 -0.000272
v 0.001760 0.051673 -0.000310
v 0.001962 0.050743 -0.000346
v 0.002146 0.049777 -0.000378
v 0.002312 0.048777 -0.000408
v 0.002459 0.047743 -0.000434
v 0.002588 0.046678 -0.000456
v 0.002696 0.045580 -0.000475
v 0.002783 0.044450 -0.000491
v 0.002846 0.043287 -0.000502
v 0.002886 0.042089 -0.000509
v 0.002899 0.040855 -0.000511
v 0.000446 0.055696 -0.000162
v 0.000140 0.055958 -0.000051
v 0.000311 0.055865 -0.000113
v 0.002755 0.039585 -0.001003
v 0.000731 0.054983 -0.000266
v 0.000996 0.054223 -0.000362
v 0.001242 0.053416 -0.000452
v 0.001469 0.052565 -0.000535
v 0.001679 0.051673 -0.000611
v 0.001872 0.050743 -0.000681
v 0.002047 0.049777 -0.000745
v 0.002206 0.048777 -0.000803
v 0.002346 0.047743 -0.000854
v 0.002469 0.046678 -0.000899
v 0.002572 0.045580 -0.000936
v 0.002655 0.044450 -0.000966
v 0.002716 0.043287 -0.000989
v 0.002754 0.042089 -0.001002
v 0.002767 0.040855 -0.001007
v 0.000411 0.055696 -0.000237
v 0.000129 0.055958 -0.000075
v 0.000287 0.055865 -0.000165
v 0.002539 0.039585 -0.001466
v 0.000673 0.054983 -0.000389
v 0.000918 0.054223 -0.000530
v 0.001144 0.053416 -0.000661
v 0.001354 0.052565 -0.000782
v 0.001548 0.051673 -0.000894
v 0.001725 0.050743 -0.000996
v 0.001887 0.049777 -0.001089
v 0.002033 0.048777 -0.001174
v 0.002163 0.047743 -0.001249
v 0.002275 0.046678 -0.001314
v 0.002371 0.045580 -0.001369
v 0.002447 0.044450 -0.001413
v 0.002503 0.043287 -0.001445
v 0.002538 0.042089 -0.001465
v 0.002550 0.040855 -0.001472
v 0.000364 0.055696 -0.000305
v 0.000114 0.055958 -0.000096
v 0.000253 0.055865 -0.000213
v 0.002246 0.039585 -0.001885
v 0.000596 0.054983 -0.000500
v 0.000812 0.054223 -0.000681
v 0.001012 0.053416 -0.000849
v 0.001198 0.052565 -0.001005
v 0.001369 0.051673 -0.001149
v 0.001526 0.050743 -0.001280
v 0.001669 0.049777 -0.001400
v 0.001798 0.048777 -0.001509
v 0.001913 0.047743 -0.001605
v 0.002013 0.046678 -0.001689
v 0.002097 0.045580 -0.001760
v 0.002164 0.044450 -0.001816
v 0.002214 0.043287 -0.001858
v 0.002245 0.042089 -0.001884
v 0.002255 0.040855 -0.001892
v 0.000305 0.055696 -0.000364
v 0.000096 0.055958 -0.000114
v 0.000213 0.055865 -0.000253
v 0.001885 0.039585 -0.002246
v 0.000500 0.054983 -0.000596
v 0.000681 0.054223 -0.000812
v 0.000849 0.053416 -0.001012
v 0.001005 0.052565 -0.001198
v 0.001149 0.051673 -0.001369
v 0.001280 0.050743 -0.001526
v 0.001400 0.049777 -0.001669
v 0.001509 0.048777 -0.001798
v 0.001605 0.047743 -0.001913
v 0.001689 0.046678 -0.002013
v 0.001760 0.045580 -0.002097
v 0.001816 0.044450 -0.002164
v 0.001858 0.043287 -0.002214
v 0.001884 0.042089 -0.002245
v 0.001892 0.040855 -0.002255
v 0.000237 0.055696 -0.000411
v 0.000075 0.055958 -0.000129
v 0.000165 0.055865 -0.000287
v 0.001466 0.039585 -0.002539
v 0.000389 0.054983 -0.000673
v 0.000530 0.054223 -0.000918
v 0.000661 0.053416 -0.001144
v 0.000782 0.052565 -0.001354
v 0.000894 0.051673 -0.001548
v 0.000996 0.050743 -0.001725
v 0.001089 0.049777 -0.001887
v 0.001174 0.048777 -0.002033
v 0.001249 0.047743 -0.002163
v 0.001314 0.046678 -0.002275
v 0.001369 0.045580 -0.002371
v 0.001413 0.044450 -0.002447
v 0.001445 0.043287 -0.002503
v 0.001465 0.042089 -0.002538
v 0.001472 0.040855 -0.002550
v 0.000162 0.055696 -0.000446
v 0.000051 0.055958 -0.000140
v 0.000113 0.055865 -0.000311
v 0.001003 0.039585 -0.002755
v 0.000266 0.054983 -0.000731
v 0.000362 0.054223 -0.000996
v 0.000452 0.053416 -0.001242
v 0.000535 0.052565 -0.001469
v 0.000611 0.051673 -0.001679
v 0.000681 0.050743 -0.001872
v 0.000745 0.049777 -0.002047
v 0.000803 0.048777 -0.002206
v 0.000854 0.047743 -0.002346
v 0.000899 0.046678 -0.002469
v 0.000936 0.045580 -0.002572
v 0.000966 0.044450 -0.002655
v 0.000989 0.043287 -0.002716
v 0.001002 0.042089 -0.002754
v 0.001007 0.040855 -0.002767
v 0.000082 0.055696 -0.000468
v 0.000026 0.055958 -0.000147
v 0.000057 0.055865 -0.000326
v 0.000509 0.039585 -0.002888
v 0.000135 0.054983 -0.000766
v 0.000184 0.054223 -0.001043
v 0.000229 0.053416 -0.001301
v 0.000272 0.052565 -0.001540
v 0.000310 0.051673 -0.001760
v 0.000346 0.050743 -0.001962
v 0.000378 0.049777 -0.002146
v 0.000408 0.048777 -0.002312
v 0.000434 0.047743 -0.002459
v 0.000456 0.046678 -0.002588
v 0.000475 0.045580 -0.002696
v 0.000491 0.044450 -0.002783
v 0.000502 0.043287 -0.002846
v 0.000509 0.042089 -0.002886
v 0.000511 0.040855 -0.002899
v -0.000000 0.055696 -0.000475
v -0.000000 0.055958 -0.000149
v -0.000000 0.055865 -0.000331
v 0.000000 0.039585 -0.002932
v -0.000000 0.054983 -0.000777
v -0.000000 0.054223 -0.001060
v -0.000000 0.053416 -0.001321
v -0.000000 0.052565 -0.001564
v -0.000000 0.051673 -0.001787
v -0.000000 0.050743 -0.001992
v -0.000000 0.049777 -0.002179
v -0.000000 0.048777 -0.002347
v -0.000000 0.047743 -0.002497
v -0.000000 0.046678 -0.002627
v -0.000000 0.045580 -0.002737
v -0.000000 0.044450 -0.002826
v -0.000000 0.043287 -0.002890
v -0.000000 0.042089 -0.002930
v -0.000000 0.040855 -0.002944
v -0.000082 0.055696 -0.000468
v -0.000026 0.055958 -0.000147
v -0.000057 0.055865 -0.000326
v -0.000509 0.039585 -0.002888
v -0.000135 0.054983 -0.000766
v -0.000184 0.054223 -0.001043
v -0.000229 0.053416 -0.001301
v -0.000272 0.052565 -0.001540
v -0.000310 0.051673 -0.001760
v -0.000346 0.050743 -0.001962
v -0.000378 0.049777 -0.002146
v -0.000408 0.048777 -0.002312
v -0.000434 0.047743 -0.002459
v -0.000456 0.046678 -0.002588
v -0.000475 0.045580 -0.002696
v -0.000491 0.044450 -0.002783
v -0.000502 0.043287 -0.002846
v -0.000509 0.042089 -0.002886
v -0.000511 0.040855 -0.002899
v -0.000162 0.055696 -0.000446
v -0.000051 0.055958 -0.000140
v -0.000113 0.055865 -0.000311
v -0.001003 0.039585 -0.002755
v -0.000266 0.054983 -0.000731
v -0.000362 0.054223 -0.000996
v -0.000452 0.053416 -0.001242
v -0.000535 0.052565 -0.001469
v -0.000611 0.051673 -0.001679
v -0.000681 0.050743 -0.001872
v -0.000745 0.049777 -0.002047
v -0.000803 0.048777 -0.002206
v -0.000854 0.047743 -0.002346
v -0.000899 0.046678 -0.002469
v -0.000936 0.045580 -0.002572
v -0.000966 0.044450 -0.002655
v -0.000989 0.043287 -0.002716
v -0.001002 0.042089 -0.002754
v -0.001007 0.040855 -0.002767
v -0.000237 0.055696 -0.000411
v -0.000075 0.055958 -0.000129
v -0.000165 0.055865 -0.000287
v -0.001466 0.039585 -0.002539
v -0.000389 0.054983 -0.000673
v -0.000530 0.054223 -0.000918
v -0.000661 0.053416 -0.001144
v -0.000782 0.052565 -0.001354
v -0.000894 0.051673 -0.001548
v -0.000996 0.050743 -0.001725
v -0.001089 0.049777 -0.001887
v -0.001174 0.048777 -0.002033
v -0.001249 0.047743 -0.002163
v -0.001314 0.046678 -0.002275
v -0.001369 0.045580 -0.002371
v -0.001413 0.044450 -0.002447
v -0.001445 0.043287 -0.002503
v -0.001465 0.042089 -0.002538
v -0.001472 0.040855 -0.002550
v -0.000305 0.055696 -0.000364
v -0.000096 0.055958 -0.000114
v -0.000213 0.055865 -0.000253
v -0.001885 0.039585 -0.002246
v -0.000500 0.054983 -0.000596
v -0.000681 0.054223 -0.000812
v -0.000849 0.053416 -0.001012
v -0.001005 0.052565 -0.001198
v -0.001149 0.051673 -0.001369
v -0.001280 0.050743 -0.001526
v -0.001400 0.049777 -0.001669
v -0.001509 0.048777 -0.001798
v -0.001605 0.047743 -0.001913
v -0.001689 0.046678 -0.002013
v -0.001760 0.045580 -0.002097
v -0.001816 0.044450 -0.002164
v -0.001858 0.043287 -0.002214
v -0.001884 0.042089 -0.002245
v -0.001892 0.040855 -0.002255
v -0.000364 0.055696 -0.000305
v -0.000114 0.055958 -0.000096
v -0.000253 0.055865 -0.000213
v -0.002246 0.039585 -0.001885
v -0.000596 0.054983 -0.000500
v -0.000812 0.054223 -0.000681
v -0.001012 0.053416 -0.000849
v -0.001198 0.052565 -0.001005
v -0.001369 0.051673 -0.001149
v -0.001526 0.050743 -0.001280
v -0.001669 0.049777 -0.001400
v -0.001798 0.048777 -0.001509
v -0.001913 0.047743 -0.001605
v -0.002013 0.046678 -0.001689
v -0.002097 0.045580 -0.001760
v -0.002164 0.044450 -0.001816
v -0.002214 0.043287 -0.001858
v -0.002245 0.042089 -0.001884
v -0.002255 0.040855 -0.001892
v -0.000411 0.055696 -0.000237
v -0.000129 0.055958 -0.000075
v -0.000287 0.055865 -0.000165
v -0.002539 0.039585 -0.001466
v -0.000673 0.054983 -0.000389
v -0.000918 0.054223 -0.000530
v -0.001144 0.053416 -0.000661
v -0.001354 0.052565 -0.000782
v -0.001548 0.051673 -0.000894
v -0.001725 0.050743 -0.000996
v -0.001887 0.049777 -0.001089
v -0.002033 0.048777 -0.001174
v -0.002163 0.047743 -0.001249
v -0.002275 0.046678 -0.001314
v -0.002371 0.045580 -0.001369
v -0.002447 0.044450 -0.001413
v -0.002503 0.043287 -0.001445
v -0.002538 0.042089 -0.001465
v -0.002550 0.040855 -0.001472
v -0.000446 0.055696 -0.000162
v -0.000140 0.055958 -0.000051
v -0.000311 0.055865 -0.000113
v -0.002755 0.039585 -0.001003
v -0.000731 0.054983 -0.000266
v -0.000996 0.054223 -0.000362
v -0.001242 0.053416 -0.000452
v -0.001469 0.052565 -0.000535
v -0.001679 0.051673 -0.000611
v -0.001872 0.050743 -0.000681
v -0.002047 0.049777 -0.000745
v -0.002206 0.048777 -0.000803
v -0.002346 0.047743 -0.000854
v -0.002469 0.046678 -0.000899
v -0.002572 0.045580 -0.000936
v -0.002655 0.044450 -0.000966
v -0.002716 0.043287 -0.000989
v -0.002754 0.042089 -0.001002
v -0.002767 0.040855 -0.001007
v -0.000468 0.055696 -0.000082
v -0.000147 0.055958 -0.000026
v -0.000326 0.055865 -0.000057
v -0.002888 0.039585 -0.000509
v -0.000766 0.054983 -0.000135
v -0.001043 0.054223 -0.000184
v -0.001301 0.053416 -0.000229
v -0.001540 0.052565 -0.000272
v -0.001760 0.051673 -0.000310
v -0.001962 0.050743 -0.000346
v -0.002146 0.049777 -0.000378
v -0.002312 0.048777 -0.000408
v -0.002459 0.047743 -0.000434
v -0.002588 0.046678 -0.000456
v -0.002696 0.045580 -0.000475
v -0.002783 0.044450 -0.000491
v -0.002846 0.043287 -0.000502
v -0.002886 0.042089 -0.000509
v -0.002899 0.040855 -0.000511
vn -0.1490 -0.9888 -0.0000
vn -0.0000 -1.0000 -0.0000
vn -0.0000 1.0000 -0.0000
vn -0.1523 0.9883 -0.0000
vn -0.9971 0.0760 -0.0000
vn -0.5890 0.8082 -0.0000
vn -0.9263 0.3768 -0.0000
vn -0.9961 0.0885 -0.0000
vn -0.9645 0.2641 -0.0000
vn -0.9645 0.2640 -0.0000
vn -0.9954 0.0955 -0.0000
vn -0.7700 -0.6381 -0.0000
vn -0.9940 -0.1093 -0.0000
vn -0.9226 -0.3858 -0.0000
vn -0.9859 -0.1672 -0.0000
vn -0.8502 -0.5265 -0.0000
vn -0.5207 -0.8537 -0.0000
vn 0.9804 -0.1972 -0.0000
vn 0.1846 -0.9828 -0.0000
vn 0.6962 -0.7179 -0.0000
vn -0.2055 -0.9787 -0.0000
vn -0.9812 -0.1931 -0.0000
vn -0.7174 -0.6966 -0.0000
vn -0.1846 -0.9828 -0.0000
vn -0.9804 -0.1972 -0.0000
vn -0.6962 -0.7179 -0.0000
vn 0.9812 -0.1931 -0.0000
vn 0.2055 -0.9787 -0.0000
vn 0.7174 -0.6966 -0.0000
vn -0.9812 0.1930 -0.0000
vn -0.2055 0.9787 -0.0000
vn -0.7174 0.6966 -0.0000
vn -0.9804 0.1972 -0.0000
vn -0.1846 0.9828 -0.0000
vn -0.6962 0.7179 -0.0000
vn -0.8268 -0.5625 -0.0000
vn -0.9816 -0.1908 -0.0000
vn -0.1467 -0.9888 0.0259
vn -0.1500 0.9883 0.0264
vn -0.9820 0.0760 0.1731
vn -0.5800 0.8082 0.1023
vn -0.9122 0.3768 0.1608
vn -0.9809 0.0885 0.1730
vn -0.9499 0.2641 0.1675
vn -0.9499 0.2640 0.1675
vn -0.9803 0.0955 0.1729
vn -0.7583 -0.6381 0.1337
vn -0.9789 -0.1093 0.1726
vn -0.9086 -0.3858 0.1602
vn -0.9709 -0.1672 0.1712
vn -0.8373 -0.5265 0.1476
vn -0.5128 -0.8537 0.0904
vn 0.9655 -0.1972 -0.1702
vn 0.1818 -0.9828 -0.0321
vn 0.6856 -0.7179 -0.1209
vn -0.2023 -0.9787 0.0357
vn -0.9663 -0.1931 0.1704
vn -0.7065 -0.6966 0.1246
vn -0.1818 -0.9828 0.0321
vn -0.9655 -0.1972 0.1702
vn -0.6856 -0.7179 0.1209
vn 0.9663 -0.1931 -0.1704
vn 0.2023 -0.9787 -0.0357
vn 0.7065 -0.6966 -0.1246
vn -0.9663 0.1930 0.1704
vn -0.2023 0.9787 0.0357
vn -0.7065 0.6966 0.1246
vn -0.9655 0.1972 0.1702
vn -0.1818 0.9828 0.0321
vn -0.6856 0.7179 0.1209
vn -0.8142 -0.5625 0.1436
vn -0.9667 -0.1908 0.1705
vn -0.1400 -0.9888 0.0510
vn -0.1431 0.9883 0.0521
vn -0.9370 0.0760 0.3410
vn -0.5534 0.8082 0.2014
vn -0.8704 0.3768 0.3168
vn -0.9360 0.0885 0.3407
vn -0.9063 0.2641 0.3299
vn -0.9063 0.2640 0.3299
vn -0.9354 0.0955 0.3405
vn -0.7235 -0.6381 0.2633
vn -0.9341 -0.1093 0.3400
vn -0.8670 -0.3858 0.3155
vn -0.9265 -0.1672 0.3372
vn -0.7989 -0.5265 0.2908
vn -0.4893 -0.8537 0.1781
vn 0.9212 -0.1972 -0.3353
vn 0.1735 -0.9828 -0.0631
vn 0.6542 -0.7179 -0.2381
vn -0.1931 -0.9787 0.0703
vn -0.9220 -0.1931 0.3356
vn -0.6742 -0.6966 0.2454
vn -0.1735 -0.9828 0.0631
vn -0.9212 -0.1972 0.3353
vn -0.6542 -0.7179 0.2381
vn 0.9220 -0.1931 -0.3356
vn 0.1931 -0.9787 -0.0703
vn 0.6742 -0.6966 -0.2454
vn -0.9220 0.1930 0.3356
vn -0.1931 0.9787 0.0703
vn -0.6742 0.6966 0.2454
vn -0.9212 0.1972 0.3353
vn -0.1735 0.9828 0.0631
vn -0.6542 0.7179 0.2381
vn -0.7769 -0.5625 0.2828
vn -0.9224 -0.1908 0.3357
vn -0.1290 -0.9888 0.0745
vn -0.1319 0.9883 0.0762
vn -0.8635 0.0760 0.4985
vn -0.5100 0.8082 0.2945
vn -0.8022 0.3768 0.4631
vn -0.8626 0.0885 0.4980
vn -0.8353 0.2641 0.4823
vn -0.8353 0.2640 0.4823
vn -0.8621 0.0955 0.4977
vn -0.6668 -0.6381 0.3850
vn -0.8608 -0.1093 0.4970
vn -0.7990 -0.3858 0.4613
vn -0.8538 -0.1672 0.4930
vn -0.7363 -0.5265 0.4251
vn -0.4509 -0.8537 0.2603
vn 0.8490 -0.1972 -0.4902
vn 0.1599 -0.9828 -0.0923
vn 0.6029 -0.7179 -0.3481
vn -0.1779 -0.9787 0.1027
vn -0.8497 -0.1931 0.4906
vn -0.6213 -0.6966 0.3587
vn -0.1599 -0.9828 0.0923
vn -0.8490 -0.1972 0.4902
vn -0.6029 -0.7179 0.3481
vn 0.8497 -0.1931 -0.4906
vn 0.1779 -0.9787 -0.1027
vn 0.6213 -0.6966 -0.3587
vn -0.8497 0.1931 0.4906
vn -0.1779 0.9787 0.1027
vn -0.6213 0.6966 0.3587
vn -0.8490 0.1972 0.4902
vn -0.1599 0.9828 0.0923
vn -0.6029 0.7179 0.3481
vn -0.7160 -0.5625 0.4134
vn -0.8501 -0.1908 0.4908
vn -0.1141 -0.9888 0.0958
vn -0.1167 0.9883 0.0979
vn -0.7638 0.0760 0.6409
vn -0.4512 0.8082 0.3786
vn -0.7096 0.3768 0.5954
vn -0.7630 0.0885 0.6403
vn -0.7389 0.2641 0.6200
vn -0.7389 0.2640 0.6200
vn -0.7625 0.0955 0.6398
vn -0.5898 -0.6381 0.4949
vn -0.7615 -0.1093 0.6389
vn -0.7068 -0.3858 0.5930
vn -0.7553 -0.1672 0.6337
vn -0.6513 -0.5265 0.5465
vn -0.3989 -0.8537 0.3347
vn 0.7510 -0.1972 -0.6302
vn 0.1414 -0.9828 -0.1187
vn 0.5333 -0.7179 -0.4475
vn -0.1574 -0.9787 0.1321
vn -0.7516 -0.1931 0.6307
vn -0.5496 -0.6966 0.4611
vn -0.1414 -0.9828 0.1187
vn -0.7510 -0.1972 0.6302
vn -0.5333 -0.7179 0.4475
vn 0.7516 -0.1931 -0.6307
vn 0.1574 -0.9787 -0.1321
vn 0.5496 -0.6966 -0.4611
vn -0.7516 0.1930 0.6307
vn -0.1574 0.9787 0.1321
vn -0.5496 0.6966 0.4611
vn -0.7510 0.1972 0.6302
vn -0.1414 0.9828 0.1187
vn -0.5333 0.7179 0.4475
vn -0.6333 -0.5625 0.5314
vn -0.7520 -0.1908 0.6310
vn -0.0958 -0.9888 0.1141
vn -0.0979 0.9883 0.1167
vn -0.6409 0.0760 0.7638
vn -0.3786 0.8082 0.4512
vn -0.5954 0.3768 0.7096
vn -0.6403 0.0885 0.7630
vn -0.6200 0.2641 0.7389
vn -0.6200 0.2640 0.7389
vn -0.6398 0.0955 0.7625
vn -0.4949 -0.6381 0.5898
vn -0.6389 -0.1093 0.7615
vn -0.5930 -0.3858 0.7068
vn -0.6337 -0.1672 0.7553
vn -0.5465 -0.5265 0.6513
vn -0.3347 -0.8537 0.3989
vn 0.6302 -0.1972 -0.7510
vn 0.1187 -0.9828 -0.1414
vn 0.4475 -0.7179 -0.5333
vn -0.1321 -0.9787 0.1574
vn -0.6307 -0.1931 0.7516
vn -0.4611 -0.6966 0.5496
vn -0.1187 -0.9828 0.1414
vn -0.6302 -0.1972 0.7510
vn -0.4475 -0.7179 0.5333
vn 0.6307 -0.1931 -0.7516
vn 0.1321 -0.9787 -0.1574
vn 0.4611 -0.6966 -0.5496
vn -0.6307 0.1930 0.7516
vn -0.1321 0.9787 0.1574
vn -0.4611 0.6966 0.5496
vn -0.6302 0.1972 0.7510
vn -0.1187 0.9828 0.1414
vn -0.4475 0.7179 0.5333
vn -0.5314 -0.5625 0.6333
vn -0.6310 -0.1908 0.7520
vn -0.0745 -0.9888 0.1290
vn -0.0762 0.9883 0.1319
vn -0.4985 0.0760 0.8635
vn -0.2945 0.8082 0.5101
vn -0.4631 0.3768 0.8022
vn -0.4980 0.0885 0.8626
vn -0.4823 0.2641 0.8353
vn -0.4823 0.2640 0.8353
vn -0.4977 0.0955 0.8621
vn -0.3850 -0.6381 0.6668
vn -0.4970 -0.1093 0.8608
vn -0.4613 -0.3858 0.7990
vn -0.4930 -0.1672 0.8538
vn -0.4251 -0.5265 0.7363
vn -0.2603 -0.8537 0.4509
vn 0.4902 -0.1972 -0.8490
vn 0.0923 -0.9828 -0.1599
vn 0.3481 -0.7179 -0.6029
vn -0.1027 -0.9787 0.1779
vn -0.4906 -0.1931 0.8497
vn -0.3587 -0.6966 0.6213
vn -0.0923 -0.9828 0.1599
vn -0.4902 -0.1972 0.8490
vn -0.3481 -0.7179 0.6029
vn 0.4906 -0.1931 -0.8497
vn 0.1027 -0.9787 -0.1779
vn 0.3587 -0.6966 -0.6213
vn -0.4906 0.1930 0.8497
vn -0.1027 0.9787 0.1779
vn -0.3587 0.6966 0.6213
vn -0.4902 0.1972 0.8490
vn -0.0923 0.9828 0.1599
vn -0.3481 0.7179 0.6029
vn -0.4134 -0.5625 0.7160
vn -0.4908 -0.1908 0.8501
vn -0.0510 -0.9888 0.1400
vn -0.0521 0.9883 0.1431
vn -0.3410 0.0760 0.9370
vn -0.2014 0.8082 0.5534
vn -0.3168 0.3768 0.8704
vn -0.3407 0.0885 0.9360
vn -0.3299 0.2641 0.9063
vn -0.3299 0.2640 0.9063
vn -0.3405 0.0955 0.9354
vn -0.2633 -0.6381 0.7235
vn -0.3400 -0.1093 0.9341
vn -0.3155 -0.3858 0.8670
vn -0.3372 -0.1672 0.9265
vn -0.2908 -0.5265 0.7989
vn -0.1781 -0.8537 0.4893
vn 0.3353 -0.1972 -0.9212
vn 0.0631 -0.9828 -0.1735
vn 0.2381 -0.7179 -0.6542
vn -0.0703 -0.9787 0.1931
vn -0.3356 -0.1931 0.9220
vn -0.2454 -0.6966 0.6742
vn -0.0631 -0.9828 0.1735
vn -0.3353 -0.1972 0.9212
vn -0.2381 -0.7179 0.6542
vn 0.3356 -0.1931 -0.9220
vn 0.0703 -0.9787 -0.1931
vn 0.2454 -0.6966 -0.6741
vn -0.3356 0.1931 0.9220
vn -0.0703 0.9787 0.1931
vn -0.2454 0.6966 0.6742
vn -0.3353 0.1972 0.9212
vn -0.0631 0.9828 0.1735
vn -0.2381 0.7179 0.6542
vn -0.2828 -0.5625 0.7769
vn -0.3357 -0.1908 0.9224
vn -0.0259 -0.9888 0.1467
vn -0.0264 0.9883 0.1500
vn -0.1731 0.0760 0.9820
vn -0.1023 0.8082 0.5800
vn -0.1608 0.3768 0.9122
vn -0.1730 0.0885 0.9809
vn -0.1675 0.2641 0.9499
vn -0.1675 0.2640 0.9499
vn -0.1729 0.0955 0.9803
vn -0.1337 -0.6381 0.7583
vn -0.1726 -0.1093 0.9789
vn -0.1602 -0.3858 0.9086
vn -0.1712 -0.1672 0.9709
vn -0.1476 -0.5265 0.8373
vn -0.0904 -0.8537 0.5128
vn 0.1702 -0.1972 -0.9655
vn 0.0321 -0.9828 -0.1818
vn 0.1209 -0.7179 -0.6856
vn -0.0357 -0.9787 0.2023
vn -0.1704 -0.1931 0.9663
vn -0.1246 -0.6966 0.7065
vn -0.0321 -0.9828 0.1818
vn -0.1702 -0.1972 0.9655
vn -0.1209 -0.7179 0.6856
vn 0.1704 -0.1931 -0.9663
vn 0.0357 -0.9787 -0.2023
vn 0.1246 -0.6966 -0.7065
vn -0.1704 0.1930 0.9663
vn -0.0357 0.9787 0.2023
vn -0.1246 0.6966 0.7065
vn -0.1702 0.1972 0.9655
vn -0.0321 0.9828 0.1818
vn -0.1209 0.7179 0.6856
vn -0.1436 -0.5625 0.8142
vn -0.1705 -0.1908 0.9667
vn -0.0000 -0.9888 0.1490
vn -0.0000 0.9883 0.1523
vn -0.0000 0.0760 0.9971
vn -0.0000 0.8082 0.5890
vn -0.0000 0.3768 0.9263
vn -0.0000 0.0885 0.9961
vn -0.0000 0.2641 0.9645
vn -0.0000 0.2640 0.9645
vn -0.0000 0.0955 0.9954
vn -0.0000 -0.6381 0.7700
vn -0.0000 -0.1093 0.9940
vn -0.0000 -0.3857 0.9226
vn -0.0000 -0.1672 0.9859
vn -0.0000 -0.5265 0.8502
vn -0.0000 -0.8537 0.5207
vn -0.0000 -0.1972 -0.9804
vn -0.0000 -0.9828 -0.1846
vn -0.0000 -0.7179 -0.6962
vn -0.0000 -0.9787 0.2055
vn -0.0000 -0.1931 0.9812
vn -0.0000 -0.6966 0.7174
vn -0.0000 -0.9828 0.1846
vn -0.0000 -0.1972 0.9804
vn -0.0000 -0.7179 0.6962
vn -0.0000 -0.1931 -0.9812
vn -0.0000 -0.9787 -0.2055
vn -0.0000 -0.6966 -0.7174
vn -0.0000 0.1930 0.9812
vn -0.0000 0.9787 0.2055
vn -0.0000 0.6966 0.7174
vn -0.0000 0.1972 0.9804
vn -0.0000 0.9828 0.1846
vn -0.0000 0.7179 0.6962
vn -0.0000 -0.5625 0.8268
vn -0.0000 -0.1908 0.9816
vn 0.0259 -0.9888 0.1467
vn 0.0264 0.9883 0.1500
vn 0.1731 0.0760 0.9820
vn 0.1023 0.8082 0.5800
vn 0.1609 0.3768 0.9122
vn 0.1730 0.0885 0.9809
vn 0.1675 0.2641 0.9499
vn 0.1675 0.2640 0.9499
vn 0.1729 0.0955 0.9803
vn 0.1337 -0.6381 0.7583
vn 0.1726 -0.1093 0.9789
vn 0.1602 -0.3857 0.9086
vn 0.1712 -0.1672 0.9709
vn 0.1476 -0.5265 0.8373
vn 0.0904 -0.8537 0.5128
vn -0.1702 -0.1972 -0.9655
vn -0.0321 -0.9828 -0.1818
vn -0.1209 -0.7179 -0.6856
vn 0.0357 -0.9787 0.2023
vn 0.1704 -0.1931 0.9663
vn 0.1246 -0.6966 0.7065
vn 0.0321 -0.9828 0.1818
vn 0.1702 -0.1972 0.9655
vn 0.1209 -0.7179 0.6856
vn -0.1704 -0.1931 -0.9663
vn -0.0357 -0.9787 -0.2023
vn -0.1246 -0.6966 -0.7065
vn 0.1704 0.1930 0.9663
vn 0.0357 0.9787 0.2023
vn 0.1246 0.6966 0.7065
vn 0.1702 0.1972 0.9655
vn 0.0321 0.9828 0.1818
vn 0.1209 0.7179 0.6856
vn 0.1436 -0.5625 0.8142
vn 0.1705 -0.1908 0.9667
vn 0.0510 -0.9888 0.1400
vn 0.0521 0.9883 0.1431
vn 0.3410 0.0760 0.9370
vn 0.2014 0.8082 0.5534
vn 0.3168 0.3768 0.8704
vn 0.3407 0.0885 0.9360
vn 0.3299 0.2641 0.9063
vn 0.3299 0.2640 0.9063
vn 0.3405 0.0955 0.9354
vn 0.2633 -0.6381 0.7235
vn 0.3400 -0.1093 0.9341
vn 0.3155 -0.3858 0.8670
vn 0.3372 -0.1672 0.9265
vn 0.2908 -0.5265 0.7989
vn 0.1781 -0.8537 0.4893
vn -0.3353 -0.1972 -0.9212
vn -0.0631 -0.9828 -0.1735
vn -0.2381 -0.7179 -0.6542
vn 0.0703 -0.9787 0.1931
vn 0.3356 -0.1931 0.9220
vn 0.2454 -0.6966 0.6742
vn 0.0631 -0.9828 0.1735
vn 0.3353 -0.1972 0.9212
vn 0.2381 -0.7179 0.6542
vn -0.3356 -0.1931 -0.9220
vn -0.0703 -0.9787 -0.1931
vn -0.2454 -0.6966 -0.6742
vn 0.3356 0.1931 0.9220
vn 0.0703 0.9787 0.1931
vn 0.2454 0.6966 0.6742
vn 0.3353 0.1972 0.9212
vn 0.0631 0.9828 0.1735
vn 0.2381 0.7179 0.6542
vn 0.2828 -0.5625 0.7769
vn 0.3357 -0.1908 0.9224
vn 0.0745 -0.9888 0.1290
vn 0.0762 0.9883 0.1319
vn 0.4986 0.0760 0.8635
vn 0.2945 0.8082 0.5101
vn 0.4632 0.3768 0.8022
vn 0.4980 0.0885 0.8626
vn 0.4823 0.2641 0.8353
vn 0.4823 0.2640 0.8353
vn 0.4977 0.0955 0.8621
vn 0.3850 -0.6381 0.6668
vn 0.4970 -0.1093 0.8608
vn 0.4613 -0.3858 0.7990
vn 0.4930 -0.1672 0.8538
vn 0.4251 -0.5265 0.7363
vn 0.2603 -0.8537 0.4509
vn -0.4902 -0.1972 -0.8490
vn -0.0923 -0.9828 -0.1599
vn -0.3481 -0.7179 -0.6029
vn 0.1027 -0.9787 0.1779
vn 0.4906 -0.1931 0.8497
vn 0.3587 -0.6966 0.6213
vn 0.0923 -0.9828 0.1599
vn 0.4902 -0.1972 0.8490
vn 0.3481 -0.7179 0.6029
vn -0.4906 -0.1931 -0.8497
vn -0.1027 -0.9787 -0.1779
vn -0.3587 -0.6966 -0.6213
vn 0.4906 0.1930 0.8497
vn 0.1027 0.9787 0.1779
vn 0.3587 0.6966 0.6213
vn 0.4902 0.1972 0.8490
vn 0.0923 0.9828 0.1599
vn 0.3481 0.7179 0.6029
vn 0.4134 -0.5625 0.7160
vn 0.4908 -0.1908 0.8501
vn 0.0958 -0.9888 0.1141
vn 0.0979 0.9883 0.1167
vn 0.6409 0.0760 0.7638
vn 0.3786 0.8082 0.4512
vn 0.5954 0.3768 0.7096
vn 0.6403 0.0885 0.7630
vn 0.6200 0.2641 0.7389
vn 0.6200 0.2640 0.7389
vn 0.6398 0.0955 0.7625
vn 0.4949 -0.6381 0.5898
vn 0.6389 -0.1093 0.7615
vn 0.5930 -0.3858 0.7068
vn 0.6337 -0.1672 0.7553
vn 0.5465 -0.5265 0.6513
vn 0.3347 -0.8537 0.3989
vn -0.6302 -0.1972 -0.7510
vn -0.1187 -0.9828 -0.1414
vn -0.4475 -0.7179 -0.5333
vn 0.1321 -0.9787 0.1574
vn 0.6307 -0.1931 0.7516
vn 0.4611 -0.6966 0.5496
vn 0.1187 -0.9828 0.1414
vn 0.6302 -0.1972 0.7510
vn 0.4475 -0.7179 0.5333
vn -0.6307 -0.1931 -0.7516
vn -0.1321 -0.9787 -0.1574
vn -0.4611 -0.6966 -0.5496
vn 0.6307 0.1930 0.7516
vn 0.1321 0.9787 0.1574
vn 0.4611 0.6966 0.5496
vn 0.6302 0.1972 0.7510
vn 0.1187 0.9828 0.1414
vn 0.4475 0.7179 0.5333
vn 0.5314 -0.5625 0.6333
vn 0.6310 -0.1908 0.7520
vn 0.1141 -0.9888 0.0958
vn 0.1167 0.9883 0.0979
vn 0.7638 0.0760 0.6409
vn 0.4512 0.8082 0.3786
vn 0.7096 0.3768 0.5954
vn 0.7630 0.0885 0.6403
vn 0.7389 0.2641 0.6200
vn 0.7389 0.2640 0.6200
vn 0.7625 0.0955 0.6399
vn 0.5898 -0.6381 0.4949
vn 0.7615 -0.1093 0.6389
vn 0.7068 -0.3858 0.5930
vn 0.7553 -0.1672 0.6337
vn 0.6513 -0.5265 0.5465
vn 0.3989 -0.8537 0.3347
vn -0.7510 -0.1972 -0.6302
vn -0.1414 -0.9828 -0.1187
vn -0.5333 -0.7179 -0.4475
vn 0.1574 -0.9787 0.1321
vn 0.7516 -0.1931 0.6307
vn 0.5496 -0.6966 0.4611
vn 0.1414 -0.9828 0.1187
vn 0.7510 -0.1972 0.6302
vn 0.5333 -0.7179 0.4475
vn -0.7516 -0.1931 -0.6307
vn -0.1574 -0.9787 -0.1321
vn -0.5496 -0.6966 -0.4611
vn 0.7516 0.1930 0.6307
vn 0.1574 0.9787 0.1321
vn 0.5496 0.6966 0.4611
vn 0.7510 0.1972 0.6302
vn 0.1414 0.9828 0.1187
vn 0.5333 0.7179 0.4475
vn 0.6333 -0.5625 0.5314
vn 0.7520 -0.1908 0.6310
vn 0.1290 -0.9888 0.0745
vn 0.1319 0.9883 0.0762
vn 0.8635 0.0760 0.4986
vn 0.5101 0.8082 0.2945
vn 0.8022 0.3768 0.4631
vn 0.8626 0.0885 0.4980
vn 0.8353 0.2641 0.4823
vn 0.8353 0.2640 0.4823
vn 0.8621 0.0955 0.4977
vn 0.6668 -0.6381 0.3850
vn 0.8608 -0.1093 0.4970
vn 0.7990 -0.3858 0.4613
vn 0.8538 -0.1672 0.4930
vn 0.7363 -0.5265 0.4251
vn 0.4509 -0.8537 0.2603
vn -0.8490 -0.1972 -0.4902
vn -0.1599 -0.9828 -0.0923
vn -0.6029 -0.7179 -0.3481
vn 0.1779 -0.9787 0.1027
vn 0.8497 -0.1931 0.4906
vn 0.6213 -0.6966 0.3587
vn 0.1599 -0.9828 0.0923
vn 0.8490 -0.1972 0.4902
vn 0.6029 -0.7179 0.3481
vn -0.8497 -0.1931 -0.4906
vn -0.1779 -0.9787 -0.1027
vn -0.6213 -0.6966 -0.3587
vn 0.8497 0.1930 0.4906
vn 0.1779 0.9787 0.1027
vn 0.6213 0.6966 0.3587
vn 0.8490 0.1972 0.4902
vn 0.1599 0.9828 0.0923
vn 0.6029 0.7179 0.3481
vn 0.7160 -0.5625 0.4134
vn 0.8501 -0.1908 0.4908
vn 0.1400 -0.9888 0.0510
vn 0.1431 0.9883 0.0521
vn 0.9370 0.0760 0.3410
vn 0.5534 0.8082 0.2014
vn 0.8704 0.3768 0.3168
vn 0.9360 0.0885 0.3407
vn 0.9063 0.2641 0.3299
vn 0.9063 0.2640 0.3299
vn 0.9354 0.0955 0.3405
vn 0.7235 -0.6381 0.2633
vn 0.9341 -0.1093 0.3400
vn 0.8670 -0.3858 0.3155
vn 0.9265 -0.1672 0.3372
vn 0.7989 -0.5265 0.2908
vn 0.4893 -0.8537 0.1781
vn -0.9212 -0.1972 -0.3353
vn -0.1735 -0.9828 -0.0631
vn -0.6542 -0.7179 -0.2381
vn 0.1931 -0.9787 0.0703
vn 0.9220 -0.1931 0.3356
vn 0.6742 -0.6966 0.2454
vn 0.1735 -0.9828 0.0631
vn 0.9212 -0.1972 0.3353
vn 0.6542 -0.7179 0.2381
vn -0.9220 -0.1931 -0.3356
vn -0.1931 -0.9787 -0.0703
vn -0.6742 -0.6966 -0.2454
vn 0.9220 0.1930 0.3356
vn 0.1931 0.9787 0.0703
vn 0.6742 0.6966 0.2454
vn 0.9212 0.1972 0.3353
vn 0.1735 0.9828 0.0631
vn 0.6542 0.7179 0.2381
vn 0.7769 -0.5625 0.2828
vn 0.9224 -0.1908 0.3357
vn 0.1467 -0.9888 0.0259
vn 0.1500 0.9883 0.0264
vn 0.9820 0.0760 0.1731
vn 0.5800 0.8082 0.1023
vn 0.9122 0.3768 0.1608
vn 0.9809 0.0885 0.1730
vn 0.9499 0.2641 0.1675
vn 0.9499 0.2640 0.1675
vn 0.9803 0.0955 0.1729
vn 0.7583 -0.6381 0.1337
vn 0.9789 -0.1093 0.1726
vn 0.9086 -0.3858 0.1602
vn 0.9709 -0.1672 0.1712
vn 0.8373 -0.5265 0.1476
vn 0.5128 -0.8537 0.0904
vn -0.9655 -0.1972 -0.1702
vn -0.1818 -0.9828 -0.0321
vn -0.6856 -0.7179 -0.1209
vn 0.2023 -0.9787 0.0357
vn 0.9663 -0.1931 0.1704
vn 0.7065 -0.6966 0.1246
vn 0.1818 -0.9828 0.0321
vn 0.9655 -0.1972 0.1702
vn 0.6856 -0.7179 0.1209
vn -0.9663 -0.1931 -0.1704
vn -0.2023 -0.9787 -0.0357
vn -0.7065 -0.6966 -0.1246
vn 0.9663 0.1931 0.1704
vn 0.2023 0.9787 0.0357
vn 0.7065 0.6966 0.1246
vn 0.9655 0.1972 0.1702
vn 0.1818 0.9828 0.0321
vn 0.6856 0.7179 0.1209
vn 0.8142 -0.5625 0.1436
vn 0.9667 -0.1908 0.1705
vn 0.1490 -0.9888 -0.0000
vn 0.1523 0.9883 -0.0000
vn 0.9971 0.0760 -0.0000
vn 0.5890 0.8082 -0.0000
vn 0.9263 0.3768 -0.0000
vn 0.9961 0.0885 -0.0000
vn 0.9645 0.2641 -0.0000
vn 0.9645 0.2640 -0.0000
vn 0.9954 0.0955 -0.0000
vn 0.7700 -0.6381 -0.0000
vn 0.9940 -0.1093 -0.0000
vn 0.9226 -0.3858 -0.0000
vn 0.9859 -0.1672 -0.0000
vn 0.8502 -0.5265 -0.0000
vn 0.5207 -0.8537 -0.0000
vn 0.9812 0.1930 -0.0000
vn 0.2055 0.9787 -0.0000
vn 0.7174 0.6966 -0.0000
vn 0.9804 0.1972 -0.0000
vn 0.1846 0.9828 -0.0000
vn 0.6962 0.7179 -0.0000
vn 0.8268 -0.5625 -0.0000
vn 0.9816 -0.1908 -0.0000
vn 0.1467 -0.9888 -0.0259
vn 0.1500 0.9883 -0.0264
vn 0.9820 0.0760 -0.1731
vn 0.5800 0.8082 -0.1023
vn 0.9122 0.3768 -0.1609
vn 0.9809 0.0885 -0.1730
vn 0.9499 0.2641 -0.1675
vn 0.9499 0.2640 -0.1675
vn 0.9803 0.0955 -0.1729
vn 0.7583 -0.6381 -0.1337
vn 0.9789 -0.1093 -0.1726
vn 0.9086 -0.3858 -0.1602
vn 0.9709 -0.1672 -0.1712
vn 0.8373 -0.5265 -0.1476
vn 0.5128 -0.8537 -0.0904
vn 0.9663 0.1930 -0.1704
vn 0.2023 0.9787 -0.0357
vn 0.7065 0.6966 -0.1246
vn 0.9655 0.1972 -0.1702
vn 0.1818 0.9828 -0.0321
vn 0.6856 0.7179 -0.1209
vn 0.8142 -0.5625 -0.1436
vn 0.9667 -0.1908 -0.1705
vn 0.1400 -0.9888 -0.0510
vn 0.1431 0.9883 -0.0521
vn 0.9370 0.0760 -0.3410
vn 0.5534 0.8082 -0.2014
vn 0.8704 0.3768 -0.3168
vn 0.9360 0.0885 -0.3407
vn 0.9063 0.2641 -0.3299
vn 0.9063 0.2640 -0.3299
vn 0.9354 0.0955 -0.3405
vn 0.7235 -0.6381 -0.2633
vn 0.9341 -0.1093 -0.3400
vn 0.8670 -0.3858 -0.3155
vn 0.9265 -0.1672 -0.3372
vn 0.7989 -0.5265 -0.2908
vn 0.4893 -0.8537 -0.1781
vn 0.6741 -0.6966 -0.2454
vn -0.6741 -0.6966 0.2454
vn 0.9220 0.1930 -0.3356
vn 0.1931 0.9787 -0.0703
vn 0.6742 0.6966 -0.2454
vn 0.9212 0.1972 -0.3353
vn 0.1735 0.9828 -0.0631
vn 0.6542 0.7179 -0.2381
vn 0.7769 -0.5625 -0.2828
vn 0.9224 -0.1908 -0.3357
vn 0.1290 -0.9888 -0.0745
vn 0.1319 0.9883 -0.0762
vn 0.8635 0.0760 -0.4985
vn 0.5101 0.8082 -0.2945
vn 0.8022 0.3768 -0.4631
vn 0.8626 0.0885 -0.4980
vn 0.8353 0.2641 -0.4823
vn 0.8353 0.2640 -0.4823
vn 0.8621 0.0955 -0.4977
vn 0.6668 -0.6381 -0.3850
vn 0.8608 -0.1093 -0.4970
vn 0.7990 -0.3858 -0.4613
vn 0.8538 -0.1672 -0.4930
vn 0.7363 -0.5265 -0.4251
vn 0.4509 -0.8537 -0.2603
vn 0.8497 0.1930 -0.4906
vn 0.1779 0.9787 -0.1027
vn 0.6213 0.6966 -0.3587
vn 0.8490 0.1972 -0.4902
vn 0.1599 0.9828 -0.0923
vn 0.6029 0.7179 -0.3481
vn 0.7160 -0.5625 -0.4134
vn 0.8501 -0.1908 -0.4908
vn 0.1141 -0.9888 -0.0958
vn 0.1167 0.9883 -0.0979
vn 0.7638 0.0760 -0.6409
vn 0.4512 0.8082 -0.3786
vn 0.7096 0.3768 -0.5954
vn 0.7630 0.0885 -0.6403
vn 0.7389 0.2641 -0.6200
vn 0.7389 0.2640 -0.6200
vn 0.7625 0.0955 -0.6399
vn 0.5898 -0.6381 -0.4949
vn 0.7615 -0.1093 -0.6389
vn 0.7068 -0.3858 -0.5930
vn 0.7553 -0.1672 -0.6337
vn 0.6513 -0.5265 -0.5465
vn 0.3989 -0.8537 -0.3347
vn 0.7516 0.1930 -0.6307
vn 0.1574 0.9787 -0.1321
vn 0.5496 0.6966 -0.4611
vn 0.7510 0.1972 -0.6302
vn 0.1414 0.9828 -0.1187
vn 0.5333 0.7179 -0.4475
vn 0.6333 -0.5625 -0.5314
vn 0.7520 -0.1908 -0.6310
vn 0.0958 -0.9888 -0.1141
vn 0.0979 0.9883 -0.1167
vn 0.6409 0.0760 -0.7638
vn 0.3786 0.8082 -0.4512
vn 0.5954 0.3768 -0.7096
vn 0.6403 0.0885 -0.7630
vn 0.6200 0.2641 -0.7389
vn 0.6200 0.2640 -0.7389
vn 0.6398 0.0955 -0.7625
vn 0.4949 -0.6381 -0.5898
vn 0.6389 -0.1093 -0.7615
vn 0.5930 -0.3858 -0.7068
vn 0.6337 -0.1672 -0.7553
vn 0.5465 -0.5265 -0.6513
vn 0.3347 -0.8537 -0.3989
vn 0.6307 0.1930 -0.7516
vn 0.1321 0.9787 -0.1574
vn 0.4611 0.6966 -0.5496
vn 0.6302 0.1972 -0.7510
vn 0.1187 0.9828 -0.1414
vn 0.4475 0.7179 -0.5333
vn 0.5314 -0.5625 -0.6333
vn 0.6310 -0.1908 -0.7520
vn 0.0745 -0.9888 -0.1290
vn 0.0762 0.9883 -0.1319
vn 0.4985 0.0760 -0.8635
vn 0.2945 0.8082 -0.5101
vn 0.4631 0.3768 -0.8022
vn 0.4980 0.0885 -0.8626
vn 0.4823 0.2641 -0.8353
vn 0.4823 0.2640 -0.8353
vn 0.4977 0.0955 -0.8621
vn 0.3850 -0.6381 -0.6668
vn 0.4970 -0.1093 -0.8608
vn 0.4613 -0.3858 -0.7990
vn 0.4930 -0.1672 -0.8538
vn 0.4251 -0.5265 -0.7363
vn 0.2603 -0.8537 -0.4509
vn 0.4906 0.1930 -0.8497
vn 0.1027 0.9787 -0.1779
vn 0.3587 0.6966 -0.6213
vn 0.4902 0.1972 -0.8490
vn 0.0923 0.9828 -0.1599
vn 0.3481 0.7179 -0.6029
vn 0.4134 -0.5625 -0.7160
vn 0.4908 -0.1908 -0.8501
vn 0.0510 -0.9888 -0.1400
vn 0.0521 0.9883 -0.1431
vn 0.3410 0.0760 -0.9370
vn 0.2014 0.8082 -0.5534
vn 0.3168 0.3768 -0.8704
vn 0.3407 0.0885 -0.9360
vn 0.3299 0.2641 -0.9063
vn 0.3299 0.2640 -0.9063
vn 0.3405 0.0955 -0.9354
vn 0.2633 -0.6381 -0.7235
vn 0.3400 -0.1093 -0.9341
vn 0.3155 -0.3858 -0.8670
vn 0.3372 -0.1672 -0.9265
vn 0.2908 -0.5265 -0.7989
vn 0.1781 -0.8537 -0.4893
vn 0.2454 -0.6966 -0.6742
vn -0.2454 -0.6966 0.6741
vn 0.3356 0.1930 -0.9220
vn 0.0703 0.9787 -0.1931
vn 0.2454 0.6966 -0.6742
vn 0.3353 0.1972 -0.9212
vn 0.0631 0.9828 -0.1735
vn 0.2381 0.7179 -0.6542
vn 0.2828 -0.5625 -0.7769
vn 0.3357 -0.1908 -0.9224
vn 0.0259 -0.9888 -0.1467
vn 0.0264 0.9883 -0.1500
vn 0.1731 0.0760 -0.9820
vn 0.1023 0.8082 -0.5800
vn 0.1608 0.3768 -0.9122
vn 0.1730 0.0885 -0.9809
vn 0.1675 0.2641 -0.9499
vn 0.1675 0.2640 -0.9499
vn 0.1729 0.0955 -0.9803
vn 0.1337 -0.6381 -0.7583
vn 0.1726 -0.1093 -0.9789
vn 0.1602 -0.3858 -0.9086
vn 0.1712 -0.1672 -0.9709
vn 0.1476 -0.5265 -0.8373
vn 0.0904 -0.8537 -0.5128
vn 0.1704 0.1931 -0.9663
vn 0.0357 0.9787 -0.2023
vn 0.1246 0.6966 -0.7065
vn 0.1702 0.1972 -0.9655
vn 0.0321 0.9828 -0.1818
vn 0.1209 0.7179 -0.6856
vn 0.1436 -0.5625 -0.8142
vn 0.1705 -0.1908 -0.9667
vn -0.0000 -0.9888 -0.1490
vn -0.0000 0.9883 -0.1523
vn -0.0000 0.0760 -0.9971
vn -0.0000 0.8082 -0.5890
vn -0.0000 0.3768 -0.9263
vn -0.0000 0.0885 -0.9961
vn -0.0000 0.2641 -0.9645
vn -0.0000 0.2640 -0.9645
vn -0.0000 0.0955 -0.9954
vn -0.0000 -0.6381 -0.7700
vn -0.0000 -0.1093 -0.9940
vn -0.0000 -0.3858 -0.9226
vn -0.0000 -0.1672 -0.9859
vn -0.0000 -0.5265 -0.8502
vn -0.0000 -0.8537 -0.5207
vn -0.0000 0.1931 -0.9812
vn -0.0000 0.9787 -0.2055
vn -0.0000 0.6966 -0.7174
vn -0.0000 0.1972 -0.9804
vn -0.0000 0.9828 -0.1846
vn -0.0000 0.7179 -0.6962
vn -0.0000 -0.5625 -0.8268
vn -0.0000 -0.1908 -0.9816
vn -0.0259 -0.9888 -0.1467
vn -0.0264 0.9883 -0.1500
vn -0.1731 0.0760 -0.9820
vn -0.1023 0.8082 -0.5800
vn -0.1609 0.3768 -0.9122
vn -0.1730 0.0885 -0.9809
vn -0.1675 0.2641 -0.9499
vn -0.1675 0.2640 -0.9499
vn -0.1729 0.0955 -0.9803
vn -0.1337 -0.6381 -0.7583
vn -0.1726 -0.1093 -0.9789
vn -0.1602 -0.3858 -0.9086
vn -0.1712 -0.1672 -0.9709
vn -0.1476 -0.5265 -0.8373
vn -0.0904 -0.8537 -0.5128
vn -0.1704 0.1930 -0.9663
vn -0.0357 0.9787 -0.2023
vn -0.1246 0.6966 -0.7065
vn -0.1702 0.1972 -0.9655
vn -0.0321 0.9828 -0.1818
vn -0.1209 0.7179 -0.6856
vn -0.1436 -0.5625 -0.8142
vn -0.1705 -0.1908 -0.9667
vn -0.0510 -0.9888 -0.1400
vn -0.0521 0.9883 -0.1431
vn -0.3410 0.0760 -0.9370
vn -0.2014 0.8082 -0.5534
vn -0.3168 0.3768 -0.8704
vn -0.3407 0.0885 -0.9360
vn -0.3299 0.2641 -0.9063
vn -0.3299 0.2640 -0.9063
vn -0.3405 0.0955 -0.9354
vn -0.2633 -0.6381 -0.7235
vn -0.3400 -0.1093 -0.9341
vn -0.3155 -0.3858 -0.8670
vn -0.3372 -0.1672 -0.9265
vn -0.2908 -0.5265 -0.7989
vn -0.1781 -0.8537 -0.4893
vn -0.3356 0.1930 -0.9220
vn -0.0703 0.9787 -0.1931
vn -0.2454 0.6966 -0.6742
vn -0.3353 0.1972 -0.9212
vn -0.0631 0.9828 -0.1735
vn -0.2381 0.7179 -0.6542
vn -0.2828 -0.5625 -0.7769
vn -0.3357 -0.1908 -0.9224
vn -0.0745 -0.9888 -0.1290
vn -0.0762 0.9883 -0.1319
vn -0.4986 0.0760 -0.8635
vn -0.2945 0.8082 -0.5101
vn -0.4631 0.3768 -0.8022
vn -0.4980 0.0885 -0.8626
vn -0.4823 0.2641 -0.8353
vn -0.4823 0.2640 -0.8353
vn -0.4977 0.0955 -0.8621
vn -0.3850 -0.6381 -0.6668
vn -0.4970 -0.1093 -0.8608
vn -0.4613 -0.3857 -0.7990
vn -0.4930 -0.1672 -0.8538
vn -0.4251 -0.5265 -0.7363
vn -0.2603 -0.8537 -0.4509
vn -0.4906 0.1931 -0.8497
vn -0.1027 0.9787 -0.1779
vn -0.3587 0.6966 -0.6213
vn -0.4902 0.1972 -0.8490
vn -0.0923 0.9828 -0.1599
vn -0.3481 0.7179 -0.6029
vn -0.4134 -0.5625 -0.7160
vn -0.4908 -0.1908 -0.8501
vn -0.0958 -0.9888 -0.1141
vn -0.0979 0.9883 -0.1167
vn -0.6409 0.0760 -0.7638
vn -0.3786 0.8082 -0.4512
vn -0.5954 0.3768 -0.7096
vn -0.6403 0.0885 -0.7630
vn -0.6200 0.2641 -0.7389
vn -0.6200 0.2640 -0.7389
vn -0.6399 0.0955 -0.7625
vn -0.4949 -0.6381 -0.5898
vn -0.6389 -0.1093 -0.7615
vn -0.5930 -0.3858 -0.7068
vn -0.6337 -0.1672 -0.7553
vn -0.5465 -0.5265 -0.6513
vn -0.3347 -0.8537 -0.3989
vn -0.6307 0.1931 -0.7516
vn -0.1321 0.9787 -0.1574
vn -0.4611 0.6966 -0.5496
vn -0.6302 0.1972 -0.7510
vn -0.1187 0.9828 -0.1414
vn -0.4475 0.7179 -0.5333
vn -0.5314 -0.5625 -0.6333
vn -0.6310 -0.1908 -0.7520
vn -0.1141 -0.9888 -0.0958
vn -0.1167 0.9883 -0.0979
vn -0.7638 0.0760 -0.6409
vn -0.4512 0.8082 -0.3786
vn -0.7096 0.3768 -0.5954
vn -0.7630 0.0885 -0.6403
vn -0.7389 0.2641 -0.6200
vn -0.7389 0.2640 -0.6200
vn -0.7625 0.0955 -0.6398
vn -0.5898 -0.6381 -0.4949
vn -0.7615 -0.1093 -0.6389
vn -0.7068 -0.3858 -0.5930
vn -0.7553 -0.1672 -0.6337
vn -0.6513 -0.5265 -0.5465
vn -0.3989 -0.8537 -0.3347
vn -0.7516 0.1931 -0.6307
vn -0.1574 0.9787 -0.1321
vn -0.5496 0.6966 -0.4611
vn -0.7510 0.1972 -0.6302
vn -0.1414 0.9828 -0.1187
vn -0.5333 0.7179 -0.4475
vn -0.6333 -0.5625 -0.5314
vn -0.7520 -0.1908 -0.6310
vn -0.1290 -0.9888 -0.0745
vn -0.1319 0.9883 -0.0762
vn -0.8635 0.0760 -0.4985
vn -0.5101 0.8082 -0.2945
vn -0.8022 0.3768 -0.4631
vn -0.8626 0.0885 -0.4980
vn -0.8353 0.2641 -0.4823
vn -0.8353 0.2640 -0.4823
vn -0.8621 0.0955 -0.4977
vn -0.6668 -0.6381 -0.3850
vn -0.8608 -0.1093 -0.4970
vn -0.7990 -0.3858 -0.4613
vn -0.8538 -0.1672 -0.4930
vn -0.7363 -0.5265 -0.4251
vn -0.4509 -0.8537 -0.2603
vn -0.8497 0.1930 -0.4906
vn -0.1779 0.9787 -0.1027
vn -0.6213 0.6966 -0.3587
vn -0.8490 0.1972 -0.4902
vn -0.1599 0.9828 -0.0923
vn -0.6029 0.7179 -0.3481
vn -0.7160 -0.5625 -0.4134
vn -0.8501 -0.1908 -0.4908
vn -0.1400 -0.9888 -0.0510
vn -0.1431 0.9883 -0.0521
vn -0.9370 0.0760 -0.3410
vn -0.5534 0.8082 -0.2014
vn -0.8704 0.3768 -0.3168
vn -0.9360 0.0885 -0.3407
vn -0.9063 0.2641 -0.3299
vn -0.9063 0.2640 -0.3299
vn -0.9354 0.0955 -0.3405
vn -0.7235 -0.6381 -0.2633
vn -0.9341 -0.1093 -0.3400
vn -0.8670 -0.3858 -0.3155
vn -0.9265 -0.1672 -0.3372
vn -0.7989 -0.5265 -0.2908
vn -0.4893 -0.8537 -0.1781
vn -0.9220 0.1931 -0.3356
vn -0.1931 0.9787 -0.0703
vn -0.6742 0.6966 -0.2454
vn -0.9212 0.1972 -0.3353
vn -0.1735 0.9828 -0.0631
vn -0.6542 0.7179 -0.2381
vn -0.7769 -0.5625 -0.2828
vn -0.9224 -0.1908 -0.3357
vn -0.1467 -0.9888 -0.0259
vn -0.1500 0.9883 -0.0264
vn -0.9820 0.0760 -0.1731
vn -0.5800 0.8082 -0.1023
vn -0.9122 0.3768 -0.1609
vn -0.9809 0.0885 -0.1730
vn -0.9499 0.2641 -0.1675
vn -0.9499 0.2640 -0.1675
vn -0.9803 0.0955 -0.1729
vn -0.7583 -0.6381 -0.1337
vn -0.9789 -0.1093 -0.1726
vn -0.9086 -0.3858 -0.1602
vn -0.9709 -0.1672 -0.1712
vn -0.8373 -0.5265 -0.1476
vn -0.5128 -0.8537 -0.0904
vn -0.9663 0.1931 -0.1704
vn -0.2023 0.9787 -0.0357
vn -0.7065 0.6966 -0.1246
vn -0.9655 0.1972 -0.1702
vn -0.1818 0.9828 -0.0321
vn -0.6856 0.7179 -0.1209
vn -0.8142 -0.5625 -0.1436
vn -0.9667 -0.1908 -0.1705
vn -0.8531 0.5218 -0.0000
vn -0.2866 0.9580 -0.0000
vn -0.6273 0.7787 -0.0000
vn -1.0000 -0.0094 -0.0000
vn -0.9294 0.3691 -0.0000
vn -0.9447 0.3280 -0.0000
vn -0.9567 0.2911 -0.0000
vn -0.9661 0.2583 -0.0000
vn -0.9734 0.2289 -0.0000
vn -0.9793 0.2023 -0.0000
vn -0.9841 0.1778 -0.0000
vn -0.9880 0.1547 -0.0000
vn -0.9912 0.1324 -0.0000
vn -0.9939 0.1105 -0.0000
vn -0.9961 0.0886 -0.0000
vn -0.9978 0.0667 -0.0000
vn -0.9990 0.0445 -0.0000
vn -0.9998 0.0223 -0.0000
vn -1.0000 0.0009 -0.0000
vn -0.8401 0.5218 0.1481
vn -0.2823 0.9580 0.0498
vn -0.6178 0.7787 0.1089
vn -0.9848 -0.0094 0.1736
vn -0.9153 0.3691 0.1614
vn -0.9303 0.3280 0.1640
vn -0.9422 0.2911 0.1661
vn -0.9514 0.2583 0.1678
vn -0.9587 0.2289 0.1690
vn -0.9644 0.2023 0.1701
vn -0.9691 0.1778 0.1709
vn -0.9730 0.1547 0.1716
vn -0.9761 0.1324 0.1721
vn -0.9788 0.1105 0.1726
vn -0.9809 0.0886 0.1730
vn -0.9826 0.0667 0.1733
vn -0.9838 0.0445 0.1735
vn -0.9846 0.0223 0.1736
vn -0.9848 0.0009 0.1736
vn -0.8016 0.5218 0.2918
vn -0.2693 0.9580 0.0980
vn -0.5895 0.7787 0.2146
vn -0.9397 -0.0094 0.3420
vn -0.8733 0.3691 0.3179
vn -0.8877 0.3280 0.3231
vn -0.8990 0.2911 0.3272
vn -0.9078 0.2583 0.3304
vn -0.9147 0.2289 0.3329
vn -0.9203 0.2023 0.3349
vn -0.9247 0.1778 0.3366
vn -0.9284 0.1547 0.3379
vn -0.9314 0.1324 0.3390
vn -0.9339 0.1105 0.3399
vn -0.9360 0.0886 0.3407
vn -0.9376 0.0667 0.3413
vn -0.9388 0.0445 0.3417
vn -0.9395 0.0223 0.3419
vn -0.9397 0.0009 0.3420
vn -0.7388 0.5218 0.4265
vn -0.2482 0.9580 0.1433
vn -0.5433 0.7787 0.3137
vn -0.8660 -0.0094 0.5000
vn -0.8049 0.3691 0.4647
vn -0.8181 0.3280 0.4723
vn -0.8285 0.2911 0.4783
vn -0.8366 0.2583 0.4830
vn -0.8430 0.2289 0.4867
vn -0.8481 0.2023 0.4897
vn -0.8522 0.1778 0.4920
vn -0.8556 0.1547 0.4940
vn -0.8584 0.1324 0.4956
vn -0.8607 0.1105 0.4969
vn -0.8626 0.0886 0.4980
vn -0.8641 0.0667 0.4989
vn -0.8652 0.0445 0.4995
vn -0.8658 0.0223 0.4999
vn -0.8660 0.0009 0.5000
vn -0.6535 0.5218 0.5483
vn -0.2196 0.9580 0.1842
vn -0.4806 0.7787 0.4032
vn -0.7660 -0.0094 0.6428
vn -0.7120 0.3691 0.5974
vn -0.7237 0.3280 0.6072
vn -0.7329 0.2911 0.6149
vn -0.7401 0.2583 0.6210
vn -0.7457 0.2289 0.6257
vn -0.7502 0.2023 0.6295
vn -0.7538 0.1778 0.6325
vn -0.7568 0.1547 0.6351
vn -0.7593 0.1324 0.6371
vn -0.7614 0.1105 0.6389
vn -0.7630 0.0886 0.6403
vn -0.7643 0.0667 0.6414
vn -0.7653 0.0445 0.6422
vn -0.7659 0.0223 0.6426
vn -0.7660 0.0009 0.6428
vn -0.5483 0.5218 0.6535
vn -0.1842 0.9581 0.2196
vn -0.4032 0.7787 0.4806
vn -0.6428 -0.0094 0.7660
vn -0.5974 0.3691 0.7120
vn -0.6072 0.3280 0.7237
vn -0.6149 0.2911 0.7329
vn -0.6210 0.2583 0.7401
vn -0.6257 0.2289 0.7457
vn -0.6295 0.2023 0.7502
vn -0.6325 0.1778 0.7538
vn -0.6351 0.1547 0.7568
vn -0.6371 0.1324 0.7593
vn -0.6389 0.1105 0.7614
vn -0.6403 0.0886 0.7630
vn -0.6414 0.0667 0.7643
vn -0.6422 0.0445 0.7653
vn -0.6426 0.0223 0.7659
vn -0.6428 0.0009 0.7660
vn -0.4265 0.5218 0.7388
vn -0.1433 0.9581 0.2482
vn -0.3137 0.7787 0.5433
vn -0.5000 -0.0094 0.8660
vn -0.4647 0.3691 0.8049
vn -0.4723 0.3280 0.8181
vn -0.4783 0.2911 0.8285
vn -0.4830 0.2583 0.8366
vn -0.4867 0.2289 0.8430
vn -0.4897 0.2023 0.8481
vn -0.4920 0.1778 0.8522
vn -0.4940 0.1547 0.8556
vn -0.4956 0.1324 0.8584
vn -0.4969 0.1105 0.8607
vn -0.4980 0.0886 0.8626
vn -0.4989 0.0667 0.8641
vn -0.4995 0.0445 0.8652
vn -0.4999 0.0223 0.8658
vn -0.5000 0.0009 0.8660
vn -0.2918 0.5218 0.8016
vn -0.0981 0.9580 0.2693
vn -0.2146 0.7787 0.5895
vn -0.3420 -0.0094 0.9397
vn -0.3179 0.3691 0.8733
vn -0.3231 0.3280 0.8877
vn -0.3272 0.2911 0.8990
vn -0.3304 0.2583 0.9078
vn -0.3329 0.2289 0.9147
vn -0.3349 0.2023 0.9203
vn -0.3366 0.1778 0.9247
vn -0.3379 0.1547 0.9284
vn -0.3390 0.1324 0.9314
vn -0.3399 0.1105 0.9339
vn -0.3407 0.0886 0.9360
vn -0.3413 0.0667 0.9376
vn -0.3417 0.0445 0.9388
vn -0.3419 0.0223 0.9395
vn -0.3420 0.0009 0.9397
vn -0.1481 0.5218 0.8401
vn -0.0498 0.9580 0.2823
vn -0.1089 0.7787 0.6178
vn -0.1736 -0.0094 0.9848
vn -0.1614 0.3691 0.9153
vn -0.1640 0.3280 0.9303
vn -0.1661 0.2911 0.9422
vn -0.1678 0.2583 0.9514
vn -0.1690 0.2289 0.9587
vn -0.1701 0.2023 0.9644
vn -0.1709 0.1778 0.9691
vn -0.1716 0.1547 0.9730
vn -0.1721 0.1324 0.9761
vn -0.1726 0.1105 0.9788
vn -0.1730 0.0886 0.9809
vn -0.1733 0.0667 0.9826
vn -0.1735 0.0445 0.9838
vn -0.1736 0.0223 0.9846
vn -0.1736 0.0009 0.9848
vn -0.0000 0.5218 0.8531
vn -0.0000 0.9580 0.2866
vn -0.0000 0.7787 0.6273
vn -0.0000 -0.0094 1.0000
vn -0.0000 0.3691 0.9294
vn -0.0000 0.3280 0.9447
vn -0.0000 0.2911 0.9567
vn -0.0000 0.2583 0.9661
vn -0.0000 0.2289 0.9734
vn -0.0000 0.2023 0.9793
vn -0.0000 0.1778 0.9841
vn -0.0000 0.1547 0.9880
vn -0.0000 0.1324 0.9912
vn -0.0000 0.1105 0.9939
vn -0.0000 0.0886 0.9961
vn -0.0000 0.0667 0.9978
vn -0.0000 0.0445 0.9990
vn -0.0000 0.0223 0.9998
vn -0.0000 0.0009 1.0000
vn 0.1481 0.5218 0.8401
vn 0.0498 0.9580 0.2823
vn 0.1089 0.7787 0.6178
vn 0.1736 -0.0094 0.9848
vn 0.1614 0.3691 0.9153
vn 0.1640 0.3280 0.9303
vn 0.1661 0.2911 0.9422
vn 0.1678 0.2583 0.9514
vn 0.1690 0.2289 0.9587
vn 0.1701 0.2023 0.9644
vn 0.1709 0.1778 0.9691
vn 0.1716 0.1547 0.9730
vn 0.1721 0.1324 0.9761
vn 0.1726 0.1105 0.9788
vn 0.1730 0.0886 0.9809
vn 0.1733 0.0667 0.9826
vn 0.1735 0.0445 0.9838
vn 0.1736 0.0223 0.9846
vn 0.1736 0.0009 0.9848
vn 0.2918 0.5218 0.8016
vn 0.0980 0.9580 0.2693
vn 0.2146 0.7787 0.5895
vn 0.3420 -0.0094 0.9397
vn 0.3179 0.3691 0.8733
vn 0.3231 0.3280 0.8877
vn 0.3272 0.2911 0.8990
vn 0.3304 0.2583 0.9078
vn 0.3329 0.2289 0.9147
vn 0.3349 0.2023 0.9203
vn 0.3366 0.1778 0.9247
vn 0.3379 0.1547 0.9284
vn 0.3390 0.1324 0.9314
vn 0.3399 0.1105 0.9339
vn 0.3407 0.0886 0.9360
vn 0.3413 0.0667 0.9376
vn 0.3417 0.0445 0.9388
vn 0.3419 0.0223 0.9395
vn 0.3420 0.0009 0.9397
vn 0.4265 0.5218 0.7388
vn 0.1433 0.9581 0.2482
vn 0.3137 0.7787 0.5433
vn 0.5000 -0.0094 0.8660
vn 0.4647 0.3691 0.8049
vn 0.4723 0.3280 0.8181
vn 0.4783 0.2911 0.8285
vn 0.4830 0.2583 0.8366
vn 0.4867 0.2289 0.8430
vn 0.4897 0.2023 0.8481
vn 0.4920 0.1778 0.8522
vn 0.4940 0.1547 0.8556
vn 0.4956 0.1324 0.8584
vn 0.4969 0.1105 0.8607
vn 0.4980 0.0886 0.8626
vn 0.4989 0.0667 0.8641
vn 0.4995 0.0445 0.8652
vn 0.4999 0.0223 0.8658
vn 0.5000 0.0009 0.8660
vn 0.5483 0.5218 0.6535
vn 0.1842 0.9580 0.2196
vn 0.4032 0.7788 0.4806
vn 0.6428 -0.0094 0.7660
vn 0.5974 0.3691 0.7120
vn 0.6072 0.3280 0.7237
vn 0.6149 0.2911 0.7329
vn 0.6210 0.2583 0.7401
vn 0.6257 0.2289 0.7457
vn 0.6295 0.2023 0.7502
vn 0.6325 0.1778 0.7538
vn 0.6351 0.1547 0.7568
vn 0.6371 0.1324 0.7593
vn 0.6389 0.1105 0.7614
vn 0.6403 0.0886 0.7630
vn 0.6414 0.0667 0.7643
vn 0.6422 0.0445 0.7653
vn 0.6426 0.0223 0.7659
vn 0.6428 0.0009 0.7660
vn 0.6535 0.5218 0.5483
vn 0.2195 0.9580 0.1842
vn 0.4806 0.7787 0.4033
vn 0.7660 -0.0094 0.6428
vn 0.7120 0.3691 0.5974
vn 0.7237 0.3280 0.6072
vn 0.7329 0.2911 0.6149
vn 0.7401 0.2583 0.6210
vn 0.7457 0.2289 0.6257
vn 0.7502 0.2023 0.6295
vn 0.7538 0.1778 0.6325
vn 0.7568 0.1547 0.6351
vn 0.7593 0.1324 0.6371
vn 0.7614 0.1105 0.6389
vn 0.7630 0.0886 0.6403
vn 0.7643 0.0667 0.6414
vn 0.7653 0.0445 0.6422
vn 0.7659 0.0223 0.6426
vn 0.7660 0.0009 0.6428
vn 0.7388 0.5218 0.4265
vn 0.2482 0.9580 0.1433
vn 0.5433 0.7787 0.3137
vn 0.8660 -0.0094 0.5000
vn 0.8049 0.3691 0.4647
vn 0.8181 0.3280 0.4723
vn 0.8285 0.2911 0.4783
vn 0.8366 0.2583 0.4830
vn 0.8430 0.2289 0.4867
vn 0.8481 0.2023 0.4897
vn 0.8522 0.1778 0.4920
vn 0.8556 0.1547 0.4940
vn 0.8584 0.1324 0.4956
vn 0.8607 0.1105 0.4969
vn 0.8626 0.0886 0.4980
vn 0.8641 0.0667 0.4989
vn 0.8652 0.0445 0.4995
vn 0.8658 0.0223 0.4999
vn 0.8660 0.0009 0.5000
vn 0.8016 0.5218 0.2918
vn 0.2693 0.9580 0.0980
vn 0.5895 0.7787 0.2146
vn 0.9397 -0.0094 0.3420
vn 0.8733 0.3691 0.3179
vn 0.8877 0.3280 0.3231
vn 0.8990 0.2911 0.3272
vn 0.9078 0.2583 0.3304
vn 0.9147 0.2289 0.3329
vn 0.9203 0.2023 0.3349
vn 0.9247 0.1778 0.3366
vn 0.9284 0.1547 0.3379
vn 0.9314 0.1324 0.3390
vn 0.9339 0.1105 0.3399
vn 0.9360 0.0886 0.3407
vn 0.9376 0.0667 0.3413
vn 0.9388 0.0445 0.3417
vn 0.9395 0.0223 0.3419
vn 0.9397 0.0009 0.3420
vn 0.8401 0.5218 0.1481
vn 0.2823 0.9580 0.0498
vn 0.6178 0.7787 0.1089
vn 0.9848 -0.0094 0.1736
vn 0.9153 0.3691 0.1614
vn 0.9303 0.3280 0.1640
vn 0.9422 0.2911 0.1661
vn 0.9514 0.2583 0.1678
vn 0.9587 0.2289 0.1690
vn 0.9644 0.2023 0.1701
vn 0.9691 0.1778 0.1709
vn 0.9730 0.1547 0.1716
vn 0.9761 0.1324 0.1721
vn 0.9788 0.1105 0.1726
vn 0.9809 0.0886 0.1730
vn 0.9826 0.0667 0.1733
vn 0.9838 0.0445 0.1735
vn 0.9846 0.0223 0.1736
vn 0.9848 0.0009 0.1736
vn 0.8531 0.5218 -0.0000
vn 0.2866 0.9580 -0.0000
vn 0.6273 0.7787 -0.0000
vn 1.0000 -0.0094 -0.0000
vn 0.9294 0.3691 -0.0000
vn 0.9447 0.3280 -0.0000
vn 0.9567 0.2911 -0.0000
vn 0.9661 0.2583 -0.0000
vn 0.9734 0.2289 -0.0000
vn 0.9793 0.2023 -0.0000
vn 0.9841 0.1778 -0.0000
vn 0.9880 0.1547 -0.0000
vn 0.9912 0.1324 -0.0000
vn 0.9939 0.1105 -0.0000
vn 0.9961 0.0886 -0.0000
vn 0.9978 0.0667 -0.0000
vn 0.9990 0.0445 -0.0000
vn 0.9998 0.0223 -0.0000
vn 1.0000 0.0009 -0.0000
vn 0.8401 0.5218 -0.1481
vn 0.2823 0.9580 -0.0498
vn 0.6178 0.7787 -0.1089
vn 0.9848 -0.0094 -0.1736
vn 0.9153 0.3691 -0.1614
vn 0.9303 0.3280 -0.1640
vn 0.9422 0.2911 -0.1661
vn 0.9514 0.2583 -0.1678
vn 0.9587 0.2289 -0.1690
vn 0.9644 0.2023 -0.1701
vn 0.9691 0.1778 -0.1709
vn 0.9730 0.1547 -0.1716
vn 0.9761 0.1324 -0.1721
vn 0.9788 0.1105 -0.1726
vn 0.9809 0.0886 -0.1730
vn 0.9826 0.0667 -0.1733
vn 0.9838 0.0445 -0.1735
vn 0.9846 0.0223 -0.1736
vn 0.9848 0.0009 -0.1736
vn 0.8016 0.5218 -0.2918
vn 0.2693 0.9581 -0.0980
vn 0.5895 0.7787 -0.2146
vn 0.9397 -0.0094 -0.3420
vn 0.8733 0.3691 -0.3179
vn 0.8877 0.3280 -0.3231
vn 0.8990 0.2911 -0.3272
vn 0.9078 0.2583 -0.3304
vn 0.9147 0.2289 -0.3329
vn 0.9203 0.2023 -0.3349
vn 0.9247 0.1778 -0.3366
vn 0.9284 0.1547 -0.3379
vn 0.9314 0.1324 -0.3390
vn 0.9339 0.1105 -0.3399
vn 0.9360 0.0886 -0.3407
vn 0.9376 0.0667 -0.3413
vn 0.9388 0.0445 -0.3417
vn 0.9395 0.0223 -0.3419
vn 0.9397 0.0009 -0.3420
vn 0.7388 0.5218 -0.4265
vn 0.2482 0.9580 -0.1433
vn 0.5433 0.7787 -0.3137
vn 0.8660 -0.0094 -0.5000
vn 0.8049 0.3691 -0.4647
vn 0.8181 0.3280 -0.4723
vn 0.8285 0.2911 -0.4783
vn 0.8366 0.2583 -0.4830
vn 0.8430 0.2289 -0.4867
vn 0.8481 0.2023 -0.4897
vn 0.8522 0.1778 -0.4920
vn 0.8556 0.1547 -0.4940
vn 0.8584 0.1324 -0.4956
vn 0.8607 0.1105 -0.4969
vn 0.8626 0.0886 -0.4980
vn 0.8641 0.0667 -0.4989
vn 0.8652 0.0445 -0.4995
vn 0.8658 0.0223 -0.4999
vn 0.8660 0.0009 -0.5000
vn 0.6535 0.5218 -0.5483
vn 0.2196 0.9580 -0.1842
vn 0.4806 0.7787 -0.4032
vn 0.7660 -0.0094 -0.6428
vn 0.7120 0.3691 -0.5974
vn 0.7237 0.3280 -0.6072
vn 0.7329 0.2911 -0.6149
vn 0.7401 0.2583 -0.6210
vn 0.7457 0.2289 -0.6257
vn 0.7502 0.2023 -0.6295
vn 0.7538 0.1778 -0.6325
vn 0.7568 0.1547 -0.6351
vn 0.7593 0.1324 -0.6371
vn 0.7614 0.1105 -0.6389
vn 0.7630 0.0886 -0.6403
vn 0.7643 0.0667 -0.6414
vn 0.7653 0.0445 -0.6422
vn 0.7659 0.0223 -0.6426
vn 0.7660 0.0009 -0.6428
vn 0.5483 0.5218 -0.6535
vn 0.1842 0.9581 -0.2196
vn 0.4032 0.7787 -0.4806
vn 0.6428 -0.0094 -0.7660
vn 0.5974 0.3691 -0.7120
vn 0.6072 0.3280 -0.7237
vn 0.6149 0.2911 -0.7329
vn 0.6210 0.2583 -0.7401
vn 0.6257 0.2289 -0.7457
vn 0.6295 0.2023 -0.7502
vn 0.6325 0.1778 -0.7538
vn 0.6351 0.1547 -0.7568
vn 0.6371 0.1324 -0.7593
vn 0.6389 0.1105 -0.7614
vn 0.6403 0.0886 -0.7630
vn 0.6414 0.0667 -0.7643
vn 0.6422 0.0445 -0.7653
vn 0.6426 0.0223 -0.7659
vn 0.6428 0.0009 -0.7660
vn 0.4265 0.5218 -0.7388
vn 0.1433 0.9581 -0.2482
vn 0.3137 0.7787 -0.5433
vn 0.5000 -0.0094 -0.8660
vn 0.4647 0.3691 -0.8049
vn 0.4723 0.3280 -0.8181
vn 0.4783 0.2911 -0.8285
vn 0.4830 0.2583 -0.8366
vn 0.4867 0.2289 -0.8430
vn 0.4897 0.2023 -0.8481
vn 0.4920 0.1778 -0.8522
vn 0.4940 0.1547 -0.8556
vn 0.4956 0.1324 -0.8584
vn 0.4969 0.1105 -0.8607
vn 0.4980 0.0886 -0.8626
vn 0.4989 0.0667 -0.8641
vn 0.4995 0.0445 -0.8652
vn 0.4999 0.0223 -0.8658
vn 0.5000 0.0009 -0.8660
vn 0.2918 0.5218 -0.8016
vn 0.0981 0.9580 -0.2693
vn 0.2146 0.7787 -0.5895
vn 0.3420 -0.0094 -0.9397
vn 0.3179 0.3691 -0.8733
vn 0.3231 0.3280 -0.8877
vn 0.3272 0.2911 -0.8990
vn 0.3304 0.2583 -0.9078
vn 0.3329 0.2289 -0.9147
vn 0.3349 0.2023 -0.9203
vn 0.3366 0.1778 -0.9247
vn 0.3379 0.1547 -0.9284
vn 0.3390 0.1324 -0.9314
vn 0.3399 0.1105 -0.9339
vn 0.3407 0.0886 -0.9360
vn 0.3413 0.0667 -0.9376
vn 0.3417 0.0445 -0.9388
vn 0.3419 0.0223 -0.9395
vn 0.3420 0.0009 -0.9397
vn 0.1481 0.5218 -0.8401
vn 0.0498 0.9580 -0.2823
vn 0.1089 0.7787 -0.6178
vn 0.1736 -0.0094 -0.9848
vn 0.1614 0.3691 -0.9153
vn 0.1640 0.3280 -0.9303
vn 0.1661 0.2911 -0.9422
vn 0.1678 0.2583 -0.9514
vn 0.1690 0.2289 -0.9587
vn 0.1701 0.2023 -0.9644
vn 0.1709 0.1778 -0.9691
vn 0.1716 0.1547 -0.9730
vn 0.1721 0.1324 -0.9761
vn 0.1726 0.1105 -0.9788
vn 0.1730 0.0886 -0.9809
vn 0.1733 0.0667 -0.9826
vn 0.1735 0.0445 -0.9838
vn 0.1736 0.0223 -0.9846
vn 0.1736 0.0009 -0.9848
vn -0.0000 0.5218 -0.8531
vn -0.0000 0.9580 -0.2866
vn -0.0000 0.7787 -0.6273
vn -0.0000 -0.0094 -1.0000
vn -0.0000 0.3691 -0.9294
vn -0.0000 0.3280 -0.9447
vn -0.0000 0.2911 -0.9567
vn -0.0000 0.2583 -0.9661
vn -0.0000 0.2289 -0.9734
vn -0.0000 0.2023 -0.9793
vn -0.0000 0.1778 -0.9841
vn -0.0000 0.1547 -0.9880
vn -0.0000 0.1324 -0.9912
vn -0.0000 0.1105 -0.9939
vn -0.0000 0.0886 -0.9961
vn -0.0000 0.0667 -0.9978
vn -0.0000 0.0445 -0.9990
vn -0.0000 0.0223 -0.9998
vn -0.0000 0.0009 -1.0000
vn -0.1481 0.5218 -0.8401
vn -0.0497 0.9580 -0.2823
vn -0.1089 0.7787 -0.6178
vn -0.1736 -0.0094 -0.9848
vn -0.1614 0.3691 -0.9153
vn -0.1640 0.3280 -0.9303
vn -0.1661 0.2911 -0.9422
vn -0.1678 0.2583 -0.9514
vn -0.1690 0.2289 -0.9587
vn -0.1701 0.2023 -0.9644
vn -0.1709 0.1778 -0.9691
vn -0.1716 0.1547 -0.9730
vn -0.1721 0.1324 -0.9761
vn -0.1726 0.1105 -0.9788
vn -0.1730 0.0886 -0.9809
vn -0.1733 0.0667 -0.9826
vn -0.1735 0.0445 -0.9838
vn -0.1736 0.0223 -0.9846
vn -0.1736 0.0009 -0.9848
vn -0.2918 0.5218 -0.8016
vn -0.0981 0.9580 -0.2693
vn -0.2146 0.7787 -0.5895
vn -0.3420 -0.0094 -0.9397
vn -0.3179 0.3691 -0.8733
vn -0.3231 0.3280 -0.8877
vn -0.3272 0.2911 -0.8990
vn -0.3304 0.2583 -0.9078
vn -0.3329 0.2289 -0.9147
vn -0.3349 0.2023 -0.9203
vn -0.3366 0.1778 -0.9247
vn -0.3379 0.1547 -0.9284
vn -0.3390 0.1324 -0.9314
vn -0.3399 0.1105 -0.9339
vn -0.3407 0.0886 -0.9360
vn -0.3413 0.0667 -0.9376
vn -0.3417 0.0445 -0.9388
vn -0.3419 0.0223 -0.9395
vn -0.3420 0.0009 -0.9397
vn -0.4265 0.5218 -0.7388
vn -0.1434 0.9580 -0.2482
vn -0.3137 0.7787 -0.5433
vn -0.5000 -0.0094 -0.8660
vn -0.4647 0.3691 -0.8049
vn -0.4723 0.3280 -0.8181
vn -0.4783 0.2911 -0.8285
vn -0.4830 0.2583 -0.8366
vn -0.4867 0.2289 -0.8430
vn -0.4897 0.2023 -0.8481
vn -0.4920 0.1778 -0.8522
vn -0.4940 0.1547 -0.8556
vn -0.4956 0.1324 -0.8584
vn -0.4969 0.1105 -0.8607
vn -0.4980 0.0886 -0.8626
vn -0.4989 0.0667 -0.8641
vn -0.4995 0.0445 -0.8652
vn -0.4999 0.0223 -0.8658
vn -0.5000 0.0009 -0.8660
vn -0.5483 0.5218 -0.6535
vn -0.1842 0.9580 -0.2196
vn -0.4032 0.7788 -0.4806
vn -0.6428 -0.0094 -0.7660
vn -0.5974 0.3691 -0.7120
vn -0.6072 0.3280 -0.7237
vn -0.6149 0.2911 -0.7329
vn -0.6210 0.2583 -0.7401
vn -0.6257 0.2289 -0.7457
vn -0.6295 0.2023 -0.7502
vn -0.6325 0.1778 -0.7538
vn -0.6351 0.1547 -0.7568
vn -0.6371 0.1324 -0.7593
vn -0.6389 0.1105 -0.7614
vn -0.6403 0.0886 -0.7630
vn -0.6414 0.0667 -0.7643
vn -0.6422 0.0445 -0.7653
vn -0.6426 0.0223 -0.7659
vn -0.6428 0.0009 -0.7660
vn -0.6535 0.5218 -0.5483
vn -0.2195 0.9581 -0.1842
vn -0.4805 0.7788 -0.4033
vn -0.7660 -0.0094 -0.6428
vn -0.7120 0.3691 -0.5974
vn -0.7237 0.3280 -0.6072
vn -0.7329 0.2911 -0.6149
vn -0.7401 0.2583 -0.6210
vn -0.7457 0.2289 -0.6257
vn -0.7502 0.2023 -0.6295
vn -0.7538 0.1778 -0.6325
vn -0.7568 0.1547 -0.6351
vn -0.7593 0.1324 -0.6371
vn -0.7614 0.1105 -0.6389
vn -0.7630 0.0886 -0.6403
vn -0.7643 0.0667 -0.6414
vn -0.7653 0.0445 -0.6422
vn -0.7659 0.0223 -0.6426
vn -0.7660 0.0009 -0.6428
vn -0.7388 0.5218 -0.4265
vn -0.2482 0.9581 -0.1433
vn -0.5433 0.7787 -0.3137
vn -0.8660 -0.0094 -0.5000
vn -0.8049 0.3691 -0.4647
vn -0.8181 0.3280 -0.4723
vn -0.8285 0.2911 -0.4783
vn -0.8366 0.2583 -0.4830
vn -0.8430 0.2289 -0.4867
vn -0.8481 0.2023 -0.4897
vn -0.8522 0.1778 -0.4920
vn -0.8556 0.1547 -0.4940
vn -0.8584 0.1324 -0.4956
vn -0.8607 0.1105 -0.4969
vn -0.8626 0.0886 -0.4980
vn -0.8641 0.0667 -0.4989
vn -0.8652 0.0445 -0.4995
vn -0.8658 0.0223 -0.4999
vn -0.8660 0.0009 -0.5000
vn -0.8016 0.5218 -0.2918
vn -0.2693 0.9580 -0.0980
vn -0.5895 0.7787 -0.2146
vn -0.9397 -0.0094 -0.3420
vn -0.8733 0.3691 -0.3179
vn -0.8877 0.3280 -0.3231
vn -0.8990 0.2911 -0.3272
vn -0.9078 0.2583 -0.3304
vn -0.9147 0.2289 -0.3329
vn -0.9203 0.2023 -0.3349
vn -0.9247 0.1778 -0.3366
vn -0.9284 0.1547 -0.3379
vn -0.9314 0.1324 -0.3390
vn -0.9339 0.1105 -0.3399
vn -0.9360 0.0886 -0.3407
vn -0.9376 0.0667 -0.3413
vn -0.9388 0.0445 -0.3417
vn -0.9395 0.0223 -0.3419
vn -0.9397 0.0009 -0.3420
vn -0.8401 0.5218 -0.1481
vn -0.2823 0.9580 -0.0498
vn -0.6178 0.7787 -0.1089
vn -0.9848 -0.0094 -0.1736
vn -0.9153 0.3691 -0.1614
vn -0.9303 0.3280 -0.1640
vn -0.9422 0.2911 -0.1661
vn -0.9514 0.2583 -0.1678
vn -0.9587 0.2289 -0.1690
vn -0.9644 0.2023 -0.1701
vn -0.9691 0.1778 -0.1709
vn -0.9730 0.1547 -0.1716
vn -0.9761 0.1324 -0.1721
vn -0.9788 0.1105 -0.1726
vn -0.9809 0.0886 -0.1730
vn -0.9826 0.0667 -0.1733
vn -0.9838 0.0445 -0.1735
vn -0.9846 0.0223 -0.1736
vn -0.9848 0.0009 -0.1736
vt 0.172034 0.736831
vt 0.171508 0.722987
vt 0.185605 0.722503
vt 0.186042 0.736309
vt 0.199677 0.722070
vt 0.200049 0.735858
vt 0.213731 0.721699
vt 0.214054 0.735459
vt 0.227796 0.721383
vt 0.228065 0.735213
vt 0.241875 0.721130
vt 0.242072 0.734937
vt 0.255941 0.720939
vt 0.256082 0.734729
vt 0.269987 0.720821
vt 0.270099 0.734569
vt 0.284034 0.720641
vt 0.284109 0.734421
vt 0.298093 0.720526
vt 0.298112 0.734322
vt 0.312174 0.720452
vt 0.312106 0.734294
vt 0.326253 0.720575
vt 0.326107 0.734374
vt 0.340314 0.720739
vt 0.340115 0.734519
vt 0.354355 0.720960
vt 0.354132 0.734699
vt 0.368410 0.721099
vt 0.368140 0.734888
vt 0.382477 0.721445
vt 0.382151 0.735246
vt 0.396550 0.721845
vt 0.396176 0.735661
vt 0.410662 0.722152
vt 0.410203 0.736022
vt 0.424776 0.722667
vt 0.424235 0.736495
vt 0.438874 0.723238
vt 0.438273 0.737037
vt 0.452981 0.723874
vt 0.452320 0.737731
vt 0.467128 0.724587
vt 0.466375 0.738483
vt 0.481287 0.725390
vt 0.480429 0.739260
vt 0.495426 0.726295
vt 0.494483 0.740129
vt 0.509588 0.727198
vt 0.508516 0.741074
vt 0.523744 0.728384
vt 0.522508 0.742249
vt 0.537846 0.729731
vt 0.536459 0.743479
vt 0.551812 0.731250
vt 0.550298 0.744805
vt 0.046391 0.745715
vt 0.044797 0.732201
vt 0.058720 0.730559
vt 0.060172 0.744311
vt 0.072799 0.729184
vt 0.074041 0.742989
vt 0.086897 0.728019
vt 0.087989 0.741815
vt 0.101006 0.726883
vt 0.101967 0.740746
vt 0.115122 0.726012
vt 0.115979 0.739809
vt 0.129212 0.725111
vt 0.129992 0.738935
vt 0.143323 0.724288
vt 0.144002 0.738149
vt 0.157418 0.723686
vt 0.158026 0.737472
vt 0.177843 0.867900
vt 0.177650 0.863488
vt 0.190986 0.862989
vt 0.191157 0.867410
vt 0.204345 0.862557
vt 0.204495 0.866985
vt 0.217728 0.862187
vt 0.217857 0.866621
vt 0.231117 0.861878
vt 0.231226 0.866315
vt 0.244514 0.861628
vt 0.244605 0.866072
vt 0.257942 0.861438
vt 0.258017 0.865884
vt 0.271365 0.861281
vt 0.271422 0.865728
vt 0.284785 0.861201
vt 0.284825 0.865646
vt 0.298207 0.861151
vt 0.298229 0.865599
vt 0.311632 0.861179
vt 0.311636 0.865627
vt 0.325065 0.861237
vt 0.325051 0.865687
vt 0.338491 0.861372
vt 0.338460 0.865816
vt 0.351896 0.861544
vt 0.351848 0.865977
vt 0.365255 0.861779
vt 0.365182 0.866206
vt 0.378619 0.862094
vt 0.378521 0.866528
vt 0.392023 0.862476
vt 0.391907 0.866913
vt 0.405412 0.862903
vt 0.405278 0.867329
vt 0.418745 0.863399
vt 0.418583 0.867817
vt 0.432076 0.863987
vt 0.431885 0.868409
vt 0.445446 0.864659
vt 0.445229 0.869083
vt 0.458803 0.865398
vt 0.458558 0.869818
vt 0.472135 0.866252
vt 0.471854 0.870661
vt 0.485450 0.867207
vt 0.485117 0.871609
vt 0.498746 0.868363
vt 0.498332 0.872758
vt 0.512069 0.869807
vt 0.511524 0.874201
vt 0.525447 0.871743
vt 0.524669 0.876125
vt 0.538966 0.874580
vt 0.537648 0.878922
vt 0.060004 0.878922
vt 0.058684 0.874710
vt 0.071837 0.871870
vt 0.072626 0.876145
vt 0.084955 0.869934
vt 0.085526 0.874253
vt 0.098110 0.868464
vt 0.098558 0.872809
vt 0.111292 0.867298
vt 0.111662 0.871664
vt 0.124527 0.866312
vt 0.124846 0.870695
vt 0.137789 0.865458
vt 0.138070 0.869847
vt 0.151055 0.864710
vt 0.151304 0.869105
vt 0.164339 0.864056
vt 0.164557 0.868459
vt 0.177601 0.862287
vt 0.177555 0.861131
vt 0.190903 0.860628
vt 0.190943 0.861786
vt 0.204273 0.860191
vt 0.204308 0.861351
vt 0.217666 0.859816
vt 0.217696 0.860980
vt 0.231066 0.859511
vt 0.231090 0.860671
vt 0.244474 0.859255
vt 0.244493 0.860419
vt 0.257912 0.859054
vt 0.257927 0.860219
vt 0.271345 0.858915
vt 0.271354 0.860079
vt 0.284774 0.858818
vt 0.284779 0.859983
vt 0.298206 0.858785
vt 0.298206 0.859950
vt 0.311640 0.858795
vt 0.311636 0.859960
vt 0.325082 0.858867
vt 0.325073 0.860035
vt 0.338518 0.858990
vt 0.338505 0.860154
vt 0.351934 0.859179
vt 0.351916 0.860338
vt 0.365304 0.859423
vt 0.365280 0.860583
vt 0.378679 0.859726
vt 0.378649 0.860887
vt 0.392095 0.860094
vt 0.392060 0.861259
vt 0.405496 0.860542
vt 0.405455 0.861698
vt 0.418841 0.861049
vt 0.418793 0.862206
vt 0.432186 0.861625
vt 0.432131 0.862783
vt 0.445571 0.862283
vt 0.445510 0.863445
vt 0.458943 0.863045
vt 0.458874 0.864203
vt 0.472295 0.863885
vt 0.472217 0.865042
vt 0.485636 0.864860
vt 0.485545 0.866016
vt 0.498974 0.866005
vt 0.498862 0.867163
vt 0.512367 0.867440
vt 0.512221 0.868601
vt 0.525865 0.869357
vt 0.525661 0.870527
vt 0.539637 0.872185
vt 0.539326 0.873374
vt 0.058324 0.873537
vt 0.058014 0.872381
vt 0.071420 0.869547
vt 0.071624 0.870688
vt 0.084654 0.867595
vt 0.084801 0.868740
vt 0.097878 0.866138
vt 0.097992 0.867284
vt 0.111101 0.864960
vt 0.111194 0.866107
vt 0.124363 0.863965
vt 0.124443 0.865118
vt 0.137646 0.863110
vt 0.137716 0.864262
vt 0.150931 0.862364
vt 0.150991 0.863513
vt 0.164230 0.861703
vt 0.164282 0.862857
vt 0.883186 0.168638
vt 0.889528 0.180973
vt 0.888442 0.181493
vt 0.882134 0.169213
vt 0.895197 0.193708
vt 0.894075 0.194172
vt 0.900189 0.206766
vt 0.899051 0.207165
vt 0.904461 0.220132
vt 0.903289 0.220472
vt 0.908017 0.233726
vt 0.906837 0.234001
vt 0.910825 0.247498
vt 0.909623 0.247711
vt 0.912899 0.261373
vt 0.911701 0.261519
vt 0.914230 0.275303
vt 0.913019 0.275384
vt 0.914771 0.289248
vt 0.913569 0.289260
vt 0.914507 0.303193
vt 0.913297 0.303137
vt 0.913471 0.317092
vt 0.912277 0.316970
vt 0.911685 0.330891
vt 0.910494 0.330700
vt 0.909076 0.344609
vt 0.907894 0.344349
vt 0.905696 0.358199
vt 0.904527 0.357875
vt 0.901589 0.371615
vt 0.900438 0.371230
vt 0.896802 0.384796
vt 0.895675 0.384350
vt 0.891300 0.397671
vt 0.890200 0.397165
vt 0.885118 0.410207
vt 0.884048 0.409640
vt 0.878210 0.422391
vt 0.877171 0.421764
vt 0.870655 0.434237
vt 0.869643 0.433552
vt 0.862454 0.445652
vt 0.861491 0.444916
vt 0.853589 0.456585
vt 0.852663 0.455789
vt 0.844080 0.467060
vt 0.843194 0.466211
vt 0.833999 0.477070
vt 0.833153 0.476168
vt 0.823336 0.486523
vt 0.822543 0.485582
vt 0.812174 0.495456
vt 0.811415 0.494470
vt 0.800678 0.503978
vt 0.799920 0.502994
vt 0.800602 0.079498
vt 0.811546 0.087185
vt 0.810854 0.088126
vt 0.799920 0.080430
vt 0.822301 0.095449
vt 0.821559 0.096361
vt 0.832626 0.104316
vt 0.831834 0.105188
vt 0.842459 0.113749
vt 0.841618 0.114577
vt 0.851766 0.123724
vt 0.850879 0.124506
vt 0.860525 0.134221
vt 0.859591 0.134957
vt 0.868681 0.145213
vt 0.867713 0.145890
vt 0.876233 0.156686
vt 0.875219 0.157314
vt 0.170311 0.693687
vt 0.184541 0.693156
vt 0.198743 0.692698
vt 0.212936 0.692304
vt 0.227127 0.691967
vt 0.241311 0.691684
vt 0.255499 0.691442
vt 0.269691 0.691245
vt 0.283887 0.691192
vt 0.298066 0.691187
vt 0.312223 0.691235
vt 0.326393 0.691257
vt 0.340580 0.691343
vt 0.354768 0.691484
vt 0.368949 0.691776
vt 0.383133 0.692033
vt 0.397315 0.692339
vt 0.411527 0.692792
vt 0.425766 0.693218
vt 0.440030 0.693717
vt 0.454311 0.694283
vt 0.468624 0.694916
vt 0.482992 0.695624
vt 0.497417 0.696415
vt 0.511898 0.697394
vt 0.526462 0.698402
vt 0.541166 0.699571
vt 0.556102 0.701009
vt 0.040186 0.702237
vt 0.055165 0.700663
vt 0.069844 0.699333
vt 0.084393 0.698176
vt 0.098842 0.697229
vt 0.113241 0.696305
vt 0.127549 0.695559
vt 0.141824 0.694888
vt 0.156073 0.694204
vt 0.156499 0.019571
vt 0.156470 0.018258
vt 0.172017 0.017926
vt 0.172044 0.019242
vt 0.187585 0.017627
vt 0.187609 0.018944
vt 0.203172 0.017368
vt 0.203192 0.018687
vt 0.218748 0.017145
vt 0.218765 0.018460
vt 0.234299 0.016960
vt 0.234314 0.018275
vt 0.249853 0.016807
vt 0.249865 0.018123
vt 0.265424 0.016688
vt 0.265433 0.018005
vt 0.280987 0.016603
vt 0.280993 0.017918
vt 0.296540 0.016561
vt 0.296542 0.017876
vt 0.312107 0.016558
vt 0.312105 0.017874
vt 0.327651 0.016597
vt 0.327646 0.017909
vt 0.343145 0.016680
vt 0.343138 0.017990
vt 0.358614 0.016778
vt 0.358617 0.018093
vt 0.374171 0.016602
vt 0.374171 0.017920
vt 0.389796 0.016784
vt 0.389779 0.018104
vt 0.405410 0.017011
vt 0.405390 0.018331
vt 0.420996 0.017262
vt 0.420974 0.018579
vt 0.436561 0.017537
vt 0.436538 0.018853
vt 0.452110 0.017840
vt 0.452084 0.019154
vt 0.467639 0.018171
vt 0.467610 0.019483
vt 0.483137 0.018528
vt 0.483106 0.019837
vt 0.498585 0.018902
vt 0.498554 0.020206
vt 0.513944 0.019257
vt 0.513917 0.020550
vt 0.529164 0.019515
vt 0.529152 0.020795
vt 0.544192 0.019529
vt 0.544212 0.020791
vt 0.559001 0.019049
vt 0.559081 0.020298
vt 0.573565 0.017647
vt 0.573741 0.018875
vt 0.018720 0.019663
vt 0.018899 0.018409
vt 0.033774 0.019826
vt 0.033691 0.021096
vt 0.048772 0.020373
vt 0.048747 0.021648
vt 0.063891 0.020415
vt 0.063899 0.021698
vt 0.079142 0.020181
vt 0.079168 0.021476
vt 0.094499 0.019817
vt 0.094532 0.021119
vt 0.109933 0.019411
vt 0.109967 0.020720
vt 0.125422 0.019004
vt 0.125455 0.020315
vt 0.140939 0.018618
vt 0.140970 0.019931
vt 0.646915 0.338331
vt 0.651310 0.342761
vt 0.641682 0.354302
vt 0.636622 0.350819
vt 0.634294 0.367262
vt 0.628777 0.364724
vt 0.629247 0.381230
vt 0.623381 0.379658
vt 0.626679 0.395840
vt 0.620628 0.395305
vt 0.626690 0.410680
vt 0.620628 0.411201
vt 0.629277 0.425314
vt 0.623371 0.426893
vt 0.634323 0.439306
vt 0.628824 0.441860
vt 0.641742 0.452189
vt 0.636735 0.455650
vt 0.651231 0.463656
vt 0.646880 0.467928
vt 0.662580 0.473307
vt 0.659026 0.478295
vt 0.675392 0.480894
vt 0.672777 0.486373
vt 0.689341 0.486105
vt 0.687690 0.491972
vt 0.703966 0.488847
vt 0.703359 0.494939
vt 0.718841 0.489043
vt 0.719313 0.495117
vt 0.733511 0.486617
vt 0.735029 0.492511
vt 0.747530 0.481702
vt 0.750037 0.487242
vt 0.760498 0.474445
vt 0.763915 0.479483
vt 0.772070 0.465003
vt 0.776393 0.469417
vt 0.781738 0.453550
vt 0.786764 0.457087
vt 0.789230 0.440587
vt 0.794785 0.443181
vt 0.794311 0.426535
vt 0.800239 0.428104
vt 0.796856 0.411881
vt 0.802902 0.412390
vt 0.796834 0.397026
vt 0.802887 0.396502
vt 0.794252 0.382405
vt 0.800120 0.380843
vt 0.789192 0.368473
vt 0.794699 0.365927
vt 0.781818 0.355621
vt 0.786815 0.352171
vt 0.772366 0.344178
vt 0.776708 0.339919
vt 0.761039 0.334531
vt 0.764596 0.329570
vt 0.748202 0.326940
vt 0.750851 0.321408
vt 0.734235 0.321683
vt 0.735872 0.315824
vt 0.719596 0.318941
vt 0.720211 0.312858
vt 0.704735 0.318696
vt 0.704296 0.312646
vt 0.690045 0.321064
vt 0.688572 0.315148
vt 0.675970 0.325960
vt 0.673465 0.320356
vt 0.662918 0.333217
vt 0.659475 0.328146
vt 0.177502 0.859849
vt 0.190857 0.859343
vt 0.204233 0.858904
vt 0.217633 0.858528
vt 0.231038 0.858222
vt 0.244451 0.857965
vt 0.257895 0.857762
vt 0.271332 0.857623
vt 0.284767 0.857527
vt 0.298204 0.857493
vt 0.311643 0.857503
vt 0.325090 0.857574
vt 0.338532 0.857699
vt 0.351954 0.857891
vt 0.365329 0.858137
vt 0.378710 0.858438
vt 0.392133 0.858805
vt 0.405541 0.859256
vt 0.418892 0.859765
vt 0.432244 0.860340
vt 0.445638 0.860996
vt 0.459019 0.861760
vt 0.472381 0.862602
vt 0.485737 0.863577
vt 0.499097 0.864719
vt 0.512526 0.866145
vt 0.526088 0.868048
vt 0.539930 0.870843
vt 0.057721 0.871084
vt 0.071193 0.868273
vt 0.084489 0.866322
vt 0.097750 0.864866
vt 0.110995 0.863686
vt 0.124272 0.862689
vt 0.137568 0.861833
vt 0.150862 0.861085
vt 0.164169 0.860423
vt 0.170002 0.685302
vt 0.184247 0.684814
vt 0.198481 0.684366
vt 0.212710 0.683976
vt 0.226936 0.683642
vt 0.241160 0.683376
vt 0.255389 0.683115
vt 0.269632 0.682927
vt 0.283868 0.682850
vt 0.298074 0.682892
vt 0.312253 0.682912
vt 0.326441 0.682938
vt 0.340652 0.683000
vt 0.354876 0.683172
vt 0.369096 0.683441
vt 0.383306 0.683728
vt 0.397544 0.684023
vt 0.411788 0.684432
vt 0.426051 0.684856
vt 0.440345 0.685325
vt 0.454664 0.685910
vt 0.469026 0.686503
vt 0.483442 0.687176
vt 0.497925 0.687929
vt 0.512471 0.688873
vt 0.527105 0.689814
vt 0.541901 0.690867
vt 0.556910 0.692071
vt 0.039326 0.693230
vt 0.054347 0.691973
vt 0.069140 0.690732
vt 0.083777 0.689687
vt 0.098300 0.688731
vt 0.112749 0.687896
vt 0.127127 0.687188
vt 0.141443 0.686505
vt 0.155737 0.685856
vt 0.911373 0.153090
vt 0.916696 0.150106
vt 0.924177 0.164156
vt 0.918616 0.166915
vt 0.930940 0.178735
vt 0.925176 0.181206
vt 0.936937 0.193824
vt 0.930927 0.195972
vt 0.941898 0.209324
vt 0.935842 0.211080
vt 0.945974 0.225003
vt 0.939842 0.226418
vt 0.949197 0.240883
vt 0.943001 0.241953
vt 0.951500 0.256918
vt 0.945265 0.257632
vt 0.952872 0.272998
vt 0.946635 0.273361
vt 0.953358 0.289035
vt 0.947140 0.289067
vt 0.953027 0.304999
vt 0.946873 0.304735
vt 0.952005 0.321032
vt 0.945717 0.320411
vt 0.949898 0.337028
vt 0.943711 0.336045
vt 0.946956 0.352871
vt 0.940832 0.351552
vt 0.943135 0.368567
vt 0.937084 0.366906
vt 0.938420 0.384041
vt 0.932475 0.382040
vt 0.932833 0.399192
vt 0.927019 0.396867
vt 0.926454 0.413975
vt 0.920795 0.411355
vt 0.919337 0.428322
vt 0.913856 0.425456
vt 0.911580 0.442468
vt 0.906126 0.439218
vt 0.902824 0.456134
vt 0.897628 0.452606
vt 0.893398 0.469219
vt 0.888438 0.465480
vt 0.883391 0.481927
vt 0.878546 0.477877
vt 0.872574 0.494207
vt 0.867905 0.489803
vt 0.860952 0.505705
vt 0.856624 0.501138
vt 0.848836 0.516710
vt 0.844676 0.511826
vt 0.836071 0.526895
vt 0.832195 0.521924
vt 0.823282 0.536621
vt 0.819290 0.531676
vt 0.817311 0.052499
vt 0.821093 0.047562
vt 0.833723 0.056778
vt 0.830075 0.061637
vt 0.845985 0.066293
vt 0.842221 0.070947
vt 0.857909 0.076322
vt 0.853860 0.080865
vt 0.869411 0.087111
vt 0.865018 0.091480
vt 0.880166 0.098679
vt 0.875585 0.102724
vt 0.890221 0.110707
vt 0.885494 0.114487
vt 0.899834 0.123239
vt 0.894769 0.126847
vt 0.908643 0.136475
vt 0.903426 0.139750
vt 0.655313 0.346794
vt 0.646297 0.357513
vt 0.639352 0.369601
vt 0.634627 0.382663
vt 0.632222 0.396321
vt 0.632243 0.410191
vt 0.634665 0.423871
vt 0.639405 0.436948
vt 0.646315 0.449015
vt 0.655224 0.459718
vt 0.665812 0.468775
vt 0.677809 0.475832
vt 0.690849 0.480724
vt 0.704515 0.483315
vt 0.718416 0.483460
vt 0.732132 0.481211
vt 0.745240 0.476620
vt 0.757357 0.469834
vt 0.768112 0.460984
vt 0.777134 0.450318
vt 0.784123 0.438207
vt 0.788915 0.425096
vt 0.791312 0.411409
vt 0.791262 0.397517
vt 0.788875 0.383840
vt 0.784146 0.370811
vt 0.777259 0.358784
vt 0.768382 0.348106
vt 0.757803 0.339070
vt 0.745780 0.332003
vt 0.732720 0.327075
vt 0.719034 0.324472
vt 0.705140 0.324261
vt 0.691414 0.326504
vt 0.678248 0.331046
vt 0.666094 0.337864
vt 0.679565 0.371468
vt 0.674544 0.377471
vt 0.673607 0.376815
vt 0.678753 0.370653
vt 0.670661 0.384262
vt 0.669632 0.383784
vt 0.667964 0.391628
vt 0.666854 0.391332
vt 0.666596 0.399389
vt 0.665437 0.399292
vt 0.666652 0.407292
vt 0.665502 0.407400
vt 0.668094 0.415063
vt 0.666980 0.415368
vt 0.670849 0.422485
vt 0.669807 0.422977
vt 0.674844 0.429338
vt 0.673892 0.430005
vt 0.679941 0.435415
vt 0.679120 0.436227
vt 0.685977 0.440584
vt 0.685304 0.441530
vt 0.692839 0.444615
vt 0.692336 0.445668
vt 0.700278 0.447400
vt 0.699964 0.448509
vt 0.708058 0.448918
vt 0.707941 0.450069
vt 0.715963 0.449017
vt 0.716050 0.450171
vt 0.723730 0.447741
vt 0.724014 0.448854
vt 0.731126 0.445124
vt 0.731600 0.446166
vt 0.737937 0.441254
vt 0.738587 0.442195
vt 0.743939 0.436244
vt 0.744745 0.437056
vt 0.748959 0.430254
vt 0.749895 0.430911
vt 0.752856 0.423454
vt 0.753892 0.423937
vt 0.755569 0.416062
vt 0.756687 0.416361
vt 0.756900 0.408290
vt 0.758041 0.408387
vt 0.756860 0.400413
vt 0.758005 0.400310
vt 0.755502 0.392649
vt 0.756620 0.392348
vt 0.752759 0.385238
vt 0.753805 0.384747
vt 0.748779 0.378394
vt 0.749725 0.377729
vt 0.743674 0.372341
vt 0.744488 0.371527
vt 0.737607 0.367238
vt 0.738278 0.366287
vt 0.730752 0.363230
vt 0.731252 0.362184
vt 0.723322 0.360457
vt 0.723636 0.359349
vt 0.715554 0.358933
vt 0.715677 0.357784
vt 0.707649 0.358766
vt 0.707571 0.357610
vt 0.699871 0.360027
vt 0.699594 0.358916
vt 0.692435 0.362576
vt 0.691962 0.361524
vt 0.685591 0.366444
vt 0.684941 0.365503
vt 0.672661 0.376152
vt 0.677937 0.369831
vt 0.668584 0.383297
vt 0.665740 0.391033
vt 0.664263 0.399194
vt 0.664348 0.407509
vt 0.665855 0.415675
vt 0.668749 0.423474
vt 0.672935 0.430675
vt 0.678290 0.437045
vt 0.684616 0.442496
vt 0.691833 0.446719
vt 0.699646 0.449636
vt 0.707824 0.451237
vt 0.716140 0.451331
vt 0.724302 0.449969
vt 0.732079 0.447220
vt 0.739244 0.443146
vt 0.745560 0.437876
vt 0.750841 0.431575
vt 0.754944 0.424427
vt 0.757810 0.416659
vt 0.759200 0.408488
vt 0.759164 0.400207
vt 0.757743 0.392044
vt 0.754867 0.384247
vt 0.750673 0.377061
vt 0.745316 0.370703
vt 0.738955 0.365333
vt 0.731757 0.361128
vt 0.723954 0.358224
vt 0.715797 0.356623
vt 0.707490 0.356450
vt 0.699315 0.357795
vt 0.691485 0.360459
vt 0.684283 0.364546
vt 0.672672 0.192388
vt 0.673778 0.198708
vt 0.672632 0.199016
vt 0.671492 0.192492
vt 0.675977 0.204743
vt 0.674903 0.205245
vt 0.679185 0.210317
vt 0.678213 0.210998
vt 0.683310 0.215245
vt 0.682471 0.216084
vt 0.688224 0.219381
vt 0.687543 0.220354
vt 0.693792 0.222596
vt 0.693291 0.223672
vt 0.699838 0.224812
vt 0.699527 0.225966
vt 0.706176 0.225931
vt 0.706072 0.227108
vt 0.712611 0.225943
vt 0.712715 0.227128
vt 0.718958 0.224825
vt 0.719266 0.225975
vt 0.725026 0.222625
vt 0.725531 0.223705
vt 0.730615 0.219390
vt 0.731303 0.220370
vt 0.735554 0.215242
vt 0.736393 0.216078
vt 0.739686 0.210298
vt 0.740667 0.210982
vt 0.742897 0.204718
vt 0.743974 0.205219
vt 0.745082 0.198677
vt 0.746226 0.198983
vt 0.746183 0.192364
vt 0.747356 0.192465
vt 0.746179 0.185959
vt 0.747357 0.185854
vt 0.745072 0.179645
vt 0.746221 0.179338
vt 0.742878 0.173619
vt 0.743952 0.173120
vt 0.739671 0.168062
vt 0.740637 0.167388
vt 0.735557 0.163135
vt 0.736397 0.162296
vt 0.730632 0.158999
vt 0.731314 0.158026
vt 0.725058 0.155765
vt 0.725561 0.154684
vt 0.718990 0.153563
vt 0.719300 0.152407
vt 0.712633 0.152444
vt 0.712737 0.151258
vt 0.706197 0.152451
vt 0.706093 0.151274
vt 0.699868 0.153569
vt 0.699558 0.152421
vt 0.693820 0.155780
vt 0.693315 0.154698
vt 0.688243 0.159001
vt 0.687562 0.158028
vt 0.683324 0.163131
vt 0.682486 0.162291
vt 0.679202 0.168045
vt 0.678236 0.167368
vt 0.675991 0.173611
vt 0.674912 0.173107
vt 0.673784 0.179648
vt 0.672638 0.179339
vt 0.672678 0.185970
vt 0.671504 0.185868
vt 0.671473 0.199325
vt 0.670291 0.192599
vt 0.673802 0.205757
vt 0.677225 0.211693
vt 0.681619 0.216939
vt 0.686853 0.221337
vt 0.692775 0.224773
vt 0.699215 0.227128
vt 0.705965 0.228319
vt 0.712818 0.228328
vt 0.719581 0.227152
vt 0.726047 0.224803
vt 0.732002 0.221361
vt 0.737254 0.216932
vt 0.741661 0.211671
vt 0.745072 0.205723
vt 0.747392 0.199288
vt 0.748555 0.192565
vt 0.748555 0.185747
vt 0.747378 0.179029
vt 0.745045 0.172614
vt 0.741631 0.166694
vt 0.737248 0.161449
vt 0.732013 0.157031
vt 0.726073 0.153592
vt 0.719615 0.151229
vt 0.712836 0.150051
vt 0.705983 0.150070
vt 0.699247 0.151259
vt 0.692800 0.153596
vt 0.686865 0.157041
vt 0.681638 0.161444
vt 0.677250 0.166673
vt 0.673812 0.172593
vt 0.671478 0.179029
vt 0.670296 0.185762
vt 0.677259 0.191989
vt 0.678232 0.197520
vt 0.680153 0.202803
vt 0.682962 0.207677
vt 0.686573 0.211988
vt 0.690876 0.215605
vt 0.695745 0.218422
vt 0.701036 0.220352
vt 0.706583 0.221334
vt 0.712213 0.221337
vt 0.717763 0.220362
vt 0.723069 0.218429
vt 0.727959 0.215603
vt 0.732279 0.211975
vt 0.735901 0.207655
vt 0.738713 0.202778
vt 0.740632 0.197494
vt 0.741603 0.191967
vt 0.741599 0.186360
vt 0.740626 0.180834
vt 0.738708 0.175560
vt 0.735902 0.170698
vt 0.732294 0.166396
vt 0.727981 0.162777
vt 0.723100 0.159959
vt 0.717794 0.158029
vt 0.712233 0.157049
vt 0.706602 0.157051
vt 0.701062 0.158030
vt 0.695769 0.159959
vt 0.690890 0.162778
vt 0.686584 0.166389
vt 0.682975 0.170689
vt 0.680162 0.175558
vt 0.678238 0.180842
vt 0.677261 0.186373
vt 0.685165 0.377101
vt 0.685921 0.377861
vt 0.681925 0.382611
vt 0.681048 0.382002
vt 0.678857 0.388044
vt 0.677879 0.387593
vt 0.676737 0.393946
vt 0.675685 0.393668
vt 0.675661 0.400128
vt 0.674587 0.400041
vt 0.675723 0.406418
vt 0.674636 0.406523
vt 0.676875 0.412624
vt 0.675829 0.412917
vt 0.679135 0.418554
vt 0.678141 0.419029
vt 0.682343 0.424066
vt 0.681445 0.424701
vt 0.686455 0.428952
vt 0.685678 0.429727
vt 0.691309 0.433095
vt 0.690675 0.433986
vt 0.696814 0.436321
vt 0.696337 0.437310
vt 0.702772 0.438591
vt 0.702467 0.439645
vt 0.709004 0.439820
vt 0.708886 0.440912
vt 0.715312 0.439962
vt 0.715389 0.441044
vt 0.721494 0.438971
vt 0.721756 0.440008
vt 0.727383 0.436911
vt 0.727828 0.437896
vt 0.732811 0.433857
vt 0.733423 0.434739
vt 0.737577 0.429872
vt 0.738335 0.430628
vt 0.741567 0.425110
vt 0.742446 0.425718
vt 0.744633 0.419664
vt 0.745615 0.420115
vt 0.746760 0.413730
vt 0.747817 0.414010
vt 0.747852 0.407510
vt 0.748934 0.407601
vt 0.747829 0.401231
vt 0.748899 0.401134
vt 0.746718 0.395052
vt 0.747767 0.394766
vt 0.744496 0.389140
vt 0.745486 0.388670
vt 0.741312 0.383666
vt 0.742199 0.383040
vt 0.737216 0.378819
vt 0.737991 0.378043
vt 0.732315 0.374743
vt 0.732950 0.373837
vt 0.726796 0.371526
vt 0.727266 0.370541
vt 0.720828 0.369264
vt 0.721132 0.368209
vt 0.714581 0.368024
vt 0.714703 0.366930
vt 0.708257 0.367849
vt 0.708186 0.366765
vt 0.702054 0.368803
vt 0.701792 0.367756
vt 0.696150 0.370836
vt 0.695706 0.369855
vt 0.690715 0.373897
vt 0.690106 0.373014
vt 0.686662 0.378609
vt 0.682802 0.383217
vt 0.679831 0.388489
vt 0.677775 0.394219
vt 0.676733 0.400215
vt 0.676796 0.406312
vt 0.677918 0.412329
vt 0.680117 0.418084
vt 0.683237 0.423435
vt 0.687230 0.428181
vt 0.691942 0.432203
vt 0.697285 0.435336
vt 0.703072 0.437543
vt 0.709121 0.438743
vt 0.715238 0.438888
vt 0.721231 0.437934
vt 0.726943 0.435940
vt 0.732205 0.432982
vt 0.736825 0.429121
vt 0.740689 0.424504
vt 0.743655 0.419219
vt 0.745707 0.413451
vt 0.746778 0.407416
vt 0.746769 0.401328
vt 0.745679 0.395340
vt 0.743519 0.389605
vt 0.740425 0.384293
vt 0.736450 0.379593
vt 0.731689 0.375639
vt 0.726326 0.372514
vt 0.720527 0.370314
vt 0.714460 0.369103
vt 0.708324 0.368926
vt 0.702311 0.369843
vt 0.696589 0.371810
vt 0.691323 0.374784
vt 0.668684 0.192736
vt 0.669913 0.199739
vt 0.672335 0.206437
vt 0.675898 0.212617
vt 0.680475 0.218078
vt 0.685922 0.222658
vt 0.692087 0.226237
vt 0.698792 0.228690
vt 0.705820 0.229931
vt 0.712954 0.229942
vt 0.719996 0.228721
vt 0.726732 0.226277
vt 0.732934 0.222690
vt 0.738401 0.218077
vt 0.742988 0.212599
vt 0.746539 0.206404
vt 0.748950 0.199703
vt 0.750159 0.192704
vt 0.750159 0.185609
vt 0.748935 0.178615
vt 0.746508 0.171935
vt 0.742956 0.165772
vt 0.738395 0.160311
vt 0.732947 0.155708
vt 0.726763 0.152123
vt 0.720036 0.149660
vt 0.712975 0.148435
vt 0.705842 0.148460
vt 0.698831 0.149696
vt 0.692117 0.152128
vt 0.685937 0.155717
vt 0.680498 0.160304
vt 0.675930 0.165744
vt 0.672348 0.171907
vt 0.669918 0.178611
vt 0.668688 0.185620
vt 0.680608 0.372515
vt 0.681393 0.373307
vt 0.676665 0.378953
vt 0.675754 0.378314
vt 0.673008 0.385350
vt 0.671996 0.384881
vt 0.670479 0.392297
vt 0.669397 0.392011
vt 0.669200 0.399606
vt 0.668083 0.399513
vt 0.669260 0.407044
vt 0.668136 0.407151
vt 0.670613 0.414368
vt 0.669532 0.414666
vt 0.673224 0.421362
vt 0.672200 0.421847
vt 0.676990 0.427831
vt 0.676069 0.428478
vt 0.681805 0.433568
vt 0.681002 0.434362
vt 0.687509 0.438436
vt 0.686849 0.439359
vt 0.693977 0.442241
vt 0.693486 0.443262
vt 0.700991 0.444876
vt 0.700683 0.445965
vt 0.708326 0.446311
vt 0.708211 0.447429
vt 0.715772 0.446415
vt 0.715852 0.447534
vt 0.723086 0.445223
vt 0.723361 0.446306
vt 0.730047 0.442761
vt 0.730512 0.443779
vt 0.736461 0.439128
vt 0.737097 0.440042
vt 0.742114 0.434415
vt 0.742897 0.435200
vt 0.746837 0.428770
vt 0.747748 0.429409
vt 0.750507 0.422361
vt 0.751517 0.422833
vt 0.753043 0.415389
vt 0.754129 0.415680
vt 0.754297 0.408068
vt 0.755419 0.408163
vt 0.754273 0.400648
vt 0.755386 0.400545
vt 0.752979 0.393335
vt 0.754061 0.393040
vt 0.750390 0.386353
vt 0.751410 0.385875
vt 0.746634 0.379906
vt 0.747558 0.379254
vt 0.741822 0.374194
vt 0.742616 0.373398
vt 0.736090 0.369385
vt 0.736744 0.368462
vt 0.729622 0.365601
vt 0.730110 0.364582
vt 0.722608 0.362979
vt 0.722916 0.361891
vt 0.715279 0.361533
vt 0.715397 0.360417
vt 0.707829 0.361382
vt 0.707752 0.360254
vt 0.700502 0.362546
vt 0.700230 0.361463
vt 0.693504 0.364948
vt 0.693046 0.363931
vt 0.687064 0.368584
vt 0.686432 0.367663
vt 0.682166 0.374085
vt 0.677563 0.379579
vt 0.674000 0.385811
vt 0.671543 0.392580
vt 0.670304 0.399698
vt 0.670361 0.406940
vt 0.671682 0.414072
vt 0.674229 0.420888
vt 0.677902 0.427192
vt 0.682589 0.432789
vt 0.688161 0.437520
vt 0.694459 0.441235
vt 0.701294 0.443809
vt 0.708441 0.445205
vt 0.715692 0.445314
vt 0.722814 0.444157
vt 0.729595 0.441769
vt 0.735834 0.438222
vt 0.741344 0.433644
vt 0.745937 0.428144
vt 0.749510 0.421901
vt 0.751967 0.415104
vt 0.753197 0.407973
vt 0.753176 0.400746
vt 0.751910 0.393626
vt 0.749394 0.386824
vt 0.745721 0.380549
vt 0.741035 0.374980
vt 0.735453 0.370291
vt 0.729140 0.366613
vt 0.722307 0.364039
vt 0.715162 0.362637
vt 0.707905 0.362493
vt 0.700766 0.363606
vt 0.693958 0.365953
vt 0.687691 0.369494
vt 0.902904 0.157807
vt 0.909798 0.171238
vt 0.908773 0.171736
vt 0.901910 0.158357
vt 0.916101 0.185004
vt 0.915045 0.185450
vt 0.921605 0.199248
vt 0.920520 0.199635
vt 0.926339 0.213801
vt 0.925233 0.214126
vt 0.930191 0.228607
vt 0.929068 0.228870
vt 0.933272 0.243594
vt 0.932138 0.243794
vt 0.935474 0.258730
vt 0.934329 0.258865
vt 0.936825 0.273916
vt 0.935683 0.273986
vt 0.937335 0.289088
vt 0.936191 0.289098
vt 0.937074 0.304255
vt 0.935932 0.304204
vt 0.935971 0.319395
vt 0.934830 0.319278
vt 0.933997 0.334457
vt 0.932866 0.334279
vt 0.931223 0.349430
vt 0.930100 0.349190
vt 0.927595 0.364253
vt 0.926485 0.363950
vt 0.923155 0.378864
vt 0.922064 0.378499
vt 0.917879 0.393185
vt 0.916810 0.392761
vt 0.911900 0.407201
vt 0.910858 0.406722
vt 0.905140 0.420828
vt 0.904124 0.420294
vt 0.897705 0.434131
vt 0.896717 0.433542
vt 0.889485 0.447029
vt 0.888529 0.446385
vt 0.880559 0.459466
vt 0.879637 0.458766
vt 0.870980 0.471449
vt 0.870096 0.470699
vt 0.860714 0.482939
vt 0.859872 0.482142
vt 0.849776 0.493837
vt 0.848972 0.492992
vt 0.838278 0.504218
vt 0.837518 0.503329
vt 0.826124 0.513982
vt 0.825412 0.513039
vt 0.813057 0.523216
vt 0.812391 0.522199
vt 0.811625 0.060906
vt 0.824359 0.069329
vt 0.823710 0.070247
vt 0.811023 0.061890
vt 0.836181 0.078332
vt 0.835480 0.079202
vt 0.847439 0.087957
vt 0.846691 0.088786
vt 0.858181 0.098206
vt 0.857386 0.098995
vt 0.868361 0.109060
vt 0.867521 0.109806
vt 0.877919 0.120457
vt 0.877041 0.121154
vt 0.886878 0.132393
vt 0.885959 0.133045
vt 0.895205 0.144858
vt 0.894248 0.145463
vt 0.907757 0.172227
vt 0.900910 0.158910
vt 0.913992 0.185893
vt 0.919428 0.200023
vt 0.924137 0.214447
vt 0.927947 0.229131
vt 0.931005 0.243992
vt 0.933180 0.259000
vt 0.934541 0.274057
vt 0.935049 0.289107
vt 0.934792 0.304151
vt 0.933704 0.319164
vt 0.931736 0.334101
vt 0.928971 0.348947
vt 0.925378 0.363645
vt 0.920976 0.378134
vt 0.915743 0.392338
vt 0.909819 0.406242
vt 0.903118 0.419763
vt 0.895732 0.432953
vt 0.887576 0.445741
vt 0.878711 0.458064
vt 0.869214 0.469952
vt 0.859030 0.481344
vt 0.848178 0.492153
vt 0.836756 0.502433
vt 0.824707 0.512099
vt 0.811783 0.521164
vt 0.823059 0.071168
vt 0.810466 0.062907
vt 0.834780 0.080070
vt 0.845942 0.089613
vt 0.856592 0.099782
vt 0.866684 0.110548
vt 0.876170 0.121845
vt 0.885034 0.133700
vt 0.893299 0.146061
vt 0.891551 0.164091
vt 0.892608 0.163508
vt 0.899297 0.176329
vt 0.898205 0.176857
vt 0.905193 0.189588
vt 0.904073 0.190055
vt 0.910479 0.203187
vt 0.909326 0.203593
vt 0.914917 0.217127
vt 0.913742 0.217469
vt 0.918669 0.231294
vt 0.917473 0.231571
vt 0.921545 0.245651
vt 0.920342 0.245863
vt 0.923698 0.260098
vt 0.922487 0.260246
vt 0.925058 0.274625
vt 0.923845 0.274705
vt 0.925633 0.289184
vt 0.924413 0.289195
vt 0.925310 0.303739
vt 0.924096 0.303681
vt 0.924215 0.318217
vt 0.923008 0.318096
vt 0.922399 0.332637
vt 0.921196 0.332448
vt 0.919674 0.346963
vt 0.918485 0.346703
vt 0.916168 0.361138
vt 0.914990 0.360811
vt 0.911878 0.375093
vt 0.910720 0.374708
vt 0.906915 0.388843
vt 0.905778 0.388394
vt 0.901141 0.402244
vt 0.900034 0.401735
vt 0.894727 0.415333
vt 0.893647 0.414764
vt 0.887502 0.428019
vt 0.886458 0.427391
vt 0.879670 0.440374
vt 0.878652 0.439688
vt 0.871140 0.452317
vt 0.870164 0.451575
vt 0.861886 0.463746
vt 0.860952 0.462945
vt 0.851997 0.474671
vt 0.851103 0.473821
vt 0.841557 0.485156
vt 0.840707 0.484253
vt 0.830464 0.495016
vt 0.829660 0.494068
vt 0.818907 0.504355
vt 0.818159 0.503365
vt 0.806928 0.512683
vt 0.806272 0.511667
vt 0.805553 0.072120
vt 0.806147 0.071132
vt 0.817765 0.078677
vt 0.817083 0.079642
vt 0.828990 0.087274
vt 0.828246 0.088194
vt 0.839760 0.096511
vt 0.838963 0.097391
vt 0.850019 0.106340
vt 0.849174 0.107174
vt 0.859746 0.116735
vt 0.858852 0.117525
vt 0.868890 0.127666
vt 0.867955 0.128406
vt 0.877419 0.139118
vt 0.876443 0.139805
vt 0.885342 0.151071
vt 0.884322 0.151705
vt 0.893668 0.162923
vt 0.900377 0.175808
vt 0.906310 0.189120
vt 0.911627 0.202780
vt 0.916086 0.216784
vt 0.919869 0.231015
vt 0.922734 0.245443
vt 0.924905 0.259949
vt 0.926270 0.274543
vt 0.926848 0.289171
vt 0.926529 0.303798
vt 0.925408 0.318338
vt 0.923599 0.332824
vt 0.920862 0.347220
vt 0.917341 0.361461
vt 0.913032 0.375475
vt 0.908056 0.389295
vt 0.902234 0.402748
vt 0.895803 0.415900
vt 0.888545 0.428643
vt 0.880683 0.441054
vt 0.872117 0.453057
vt 0.862818 0.464542
vt 0.852889 0.475516
vt 0.842408 0.486053
vt 0.831264 0.495957
vt 0.819654 0.505345
vt 0.807541 0.513742
vt 0.806697 0.070108
vt 0.818441 0.077722
vt 0.829739 0.086350
vt 0.840556 0.095636
vt 0.850863 0.105509
vt 0.860636 0.115951
vt 0.869815 0.126935
vt 0.878393 0.138430
vt 0.886358 0.150436
vt 0.156858 0.033185
vt 0.172377 0.032868
vt 0.172436 0.035677
vt 0.156922 0.035992
vt 0.187910 0.032582
vt 0.187962 0.035395
vt 0.203465 0.032326
vt 0.203509 0.035149
vt 0.219015 0.032095
vt 0.219051 0.034906
vt 0.234526 0.031899
vt 0.234557 0.034698
vt 0.250038 0.031751
vt 0.250065 0.034561
vt 0.265584 0.031636
vt 0.265604 0.034456
vt 0.281113 0.031546
vt 0.281125 0.034345
vt 0.296621 0.031500
vt 0.296629 0.034309
vt 0.312157 0.031487
vt 0.312158 0.034306
vt 0.327678 0.031491
vt 0.327673 0.034295
vt 0.343153 0.031507
vt 0.343146 0.034304
vt 0.358604 0.031522
vt 0.358586 0.034317
vt 0.374100 0.031725
vt 0.374077 0.034534
vt 0.389679 0.031833
vt 0.389656 0.034653
vt 0.405257 0.032006
vt 0.405225 0.034823
vt 0.420813 0.032227
vt 0.420774 0.035040
vt 0.436352 0.032482
vt 0.436307 0.035292
vt 0.451875 0.032765
vt 0.451826 0.035573
vt 0.467382 0.033071
vt 0.467329 0.035876
vt 0.482869 0.033388
vt 0.482817 0.036188
vt 0.498328 0.033699
vt 0.498280 0.036494
vt 0.513750 0.033962
vt 0.513717 0.036752
vt 0.529147 0.034105
vt 0.529143 0.036899
vt 0.544522 0.034002
vt 0.544574 0.036790
vt 0.559979 0.033497
vt 0.560130 0.036321
vt 0.575823 0.032310
vt 0.576129 0.035227
vt 0.016823 0.033584
vt 0.032842 0.034614
vt 0.032712 0.037464
vt 0.016558 0.036530
vt 0.048483 0.035057
vt 0.048445 0.037878
vt 0.063986 0.035118
vt 0.064001 0.037923
vt 0.079454 0.034942
vt 0.079499 0.037749
vt 0.094908 0.034629
vt 0.094969 0.037419
vt 0.110362 0.034268
vt 0.110431 0.037068
vt 0.125849 0.033895
vt 0.125919 0.036699
vt 0.141349 0.033530
vt 0.141417 0.036336
vt 0.815641 0.827387
vt 0.795388 0.833480
vt 0.793171 0.825249
vt 0.813394 0.819880
vt 0.791225 0.817034
vt 0.811419 0.812363
vt 0.789546 0.808847
vt 0.809720 0.804839
vt 0.788137 0.800649
vt 0.808284 0.797340
vt 0.786980 0.792483
vt 0.807117 0.789826
vt 0.786083 0.784317
vt 0.806203 0.782329
vt 0.785442 0.776159
vt 0.805549 0.774828
vt 0.785055 0.768006
vt 0.805151 0.767329
vt 0.784918 0.759860
vt 0.805014 0.759830
vt 0.785036 0.751714
vt 0.805125 0.752335
vt 0.785404 0.743568
vt 0.805497 0.744843
vt 0.786026 0.735422
vt 0.806117 0.737344
vt 0.786899 0.727269
vt 0.807000 0.729856
vt 0.788027 0.719115
vt 0.808135 0.722354
vt 0.789417 0.710967
vt 0.809531 0.714857
vt 0.791058 0.702790
vt 0.811192 0.707370
vt 0.792963 0.694598
vt 0.813119 0.699883
vt 0.795131 0.686401
vt 0.815317 0.692366
vt 0.797570 0.678206
vt 0.817787 0.684861
vt 0.800280 0.669974
vt 0.820539 0.677348
vt 0.803278 0.661695
vt 0.823586 0.669826
vt 0.806555 0.653410
vt 0.826926 0.662292
vt 0.810140 0.645062
vt 0.830567 0.654771
vt 0.814020 0.636696
vt 0.834530 0.647214
vt 0.818218 0.628279
vt 0.838824 0.639641
vt 0.822745 0.619804
vt 0.843464 0.632049
vt 0.827644 0.611219
vt 0.848468 0.624443
vt 0.849648 0.895411
vt 0.828796 0.908942
vt 0.823763 0.900370
vt 0.844517 0.887819
vt 0.819105 0.891888
vt 0.839744 0.880211
vt 0.814775 0.883419
vt 0.835331 0.872621
vt 0.810786 0.875028
vt 0.831262 0.865045
vt 0.807105 0.866650
vt 0.827526 0.857504
vt 0.803734 0.858312
vt 0.824104 0.849963
vt 0.800664 0.850009
vt 0.820994 0.842448
vt 0.797884 0.841732
vt 0.818173 0.834914
vt 0.774188 0.839212
vt 0.772038 0.830302
vt 0.770145 0.821437
vt 0.768514 0.812593
vt 0.767137 0.803779
vt 0.766016 0.794971
vt 0.765147 0.786179
vt 0.764527 0.777398
vt 0.764155 0.768628
vt 0.764030 0.759863
vt 0.764152 0.751102
vt 0.764520 0.742342
vt 0.765135 0.733580
vt 0.765997 0.724813
vt 0.767115 0.716047
vt 0.768469 0.707254
vt 0.770077 0.698455
vt 0.771937 0.689637
vt 0.774051 0.680798
vt 0.776426 0.671913
vt 0.779061 0.663011
vt 0.781964 0.654064
vt 0.785138 0.645070
vt 0.788591 0.636018
vt 0.792328 0.626903
vt 0.796358 0.617713
vt 0.800689 0.608437
vt 0.805329 0.599062
vt 0.806431 0.921606
vt 0.801594 0.912120
vt 0.797109 0.902782
vt 0.792954 0.893530
vt 0.789096 0.884322
vt 0.785543 0.875212
vt 0.782282 0.866126
vt 0.779306 0.857119
vt 0.776613 0.848135
vt 0.593216 0.871341
vt 0.591611 0.858843
vt 0.622035 0.855117
vt 0.623646 0.867168
vt 0.590194 0.846337
vt 0.620614 0.843079
vt 0.588972 0.833826
vt 0.619388 0.831053
vt 0.587952 0.821311
vt 0.618365 0.819038
vt 0.587137 0.808795
vt 0.617517 0.807036
vt 0.586536 0.796279
vt 0.616906 0.795042
vt 0.586155 0.783769
vt 0.616503 0.783060
vt 0.585993 0.771271
vt 0.616310 0.771091
vt 0.586049 0.758788
vt 0.616330 0.759137
vt 0.586322 0.746324
vt 0.616560 0.747198
vt 0.586810 0.733883
vt 0.617000 0.735274
vt 0.587508 0.721468
vt 0.617648 0.723368
vt 0.588412 0.709081
vt 0.618499 0.711478
vt 0.589516 0.696725
vt 0.619549 0.699605
vt 0.590812 0.684399
vt 0.620796 0.687749
vt 0.592293 0.672102
vt 0.622204 0.675898
vt 0.593954 0.659838
vt 0.623820 0.664068
vt 0.595787 0.647608
vt 0.625606 0.652248
vt 0.597780 0.635412
vt 0.627555 0.640435
vt 0.599919 0.623248
vt 0.629658 0.628625
vt 0.602191 0.611116
vt 0.631904 0.616813
vt 0.604581 0.599010
vt 0.634280 0.604993
vt 0.607073 0.586928
vt 0.636774 0.593157
vt 0.609650 0.574865
vt 0.639371 0.581297
vt 0.612292 0.562815
vt 0.642054 0.569400
vt 0.614978 0.550773
vt 0.644805 0.557459
vt 0.617684 0.538733
vt 0.647602 0.545460
vt 0.613818 0.983442
vt 0.611231 0.971003
vt 0.641997 0.964584
vt 0.644734 0.977037
vt 0.608651 0.958565
vt 0.639310 0.952230
vt 0.606115 0.946128
vt 0.636698 0.939952
vt 0.603655 0.933686
vt 0.634183 0.927733
vt 0.601293 0.921236
vt 0.631784 0.915560
vt 0.599052 0.908778
vt 0.629517 0.903424
vt 0.596949 0.896309
vt 0.627398 0.891316
vt 0.594999 0.883830
vt 0.625437 0.879232
vt 0.967518 0.760334
vt 0.965865 0.762612
vt 0.965497 0.762292
vt 0.965191 0.761913
vt 0.964956 0.761485
vt 0.964799 0.761022
vt 0.964724 0.760538
vt 0.964734 0.760050
vt 0.964828 0.759570
vt 0.965005 0.759114
vt 0.965256 0.758694
vt 0.965577 0.758325
vt 0.965956 0.758015
vt 0.966384 0.757775
vt 0.966846 0.757613
vt 0.967330 0.757534
vt 0.967818 0.757539
vt 0.968297 0.757631
vt 0.968751 0.757805
vt 0.969169 0.758054
vt 0.969537 0.758373
vt 0.969844 0.758753
vt 0.970080 0.759181
vt 0.970237 0.759645
vt 0.970312 0.760128
vt 0.970303 0.760618
vt 0.970209 0.761099
vt 0.970031 0.761557
vt 0.969779 0.761977
vt 0.969457 0.762347
vt 0.969076 0.762655
vt 0.968648 0.762894
vt 0.968186 0.763055
vt 0.967704 0.763134
vt 0.967216 0.763127
vt 0.966738 0.763036
vt 0.966282 0.762862
vt 0.917799 0.783824
vt 0.902883 0.791882
vt 0.901226 0.788455
vt 0.916479 0.781293
vt 0.899769 0.784973
vt 0.915314 0.778702
vt 0.898511 0.781443
vt 0.914297 0.776061
vt 0.897440 0.777865
vt 0.913442 0.773376
vt 0.896569 0.774256
vt 0.912737 0.770656
vt 0.895890 0.770618
vt 0.912187 0.767907
vt 0.895399 0.766958
vt 0.911796 0.765137
vt 0.895105 0.763284
vt 0.911556 0.762352
vt 0.894998 0.759602
vt 0.911472 0.759560
vt 0.895083 0.755919
vt 0.911543 0.756768
vt 0.895358 0.752243
vt 0.911771 0.753981
vt 0.895829 0.748578
vt 0.912149 0.751208
vt 0.896492 0.744932
vt 0.912686 0.748455
vt 0.897346 0.741314
vt 0.913378 0.745728
vt 0.898392 0.737730
vt 0.914225 0.743037
vt 0.899632 0.734188
vt 0.915227 0.740387
vt 0.901067 0.730694
vt 0.916384 0.737788
vt 0.902704 0.727253
vt 0.917692 0.735246
vt 0.904538 0.723875
vt 0.919157 0.732769
vt 0.906566 0.720576
vt 0.920775 0.730366
vt 0.908795 0.717360
vt 0.922549 0.728044
vt 0.911227 0.714236
vt 0.924471 0.725816
vt 0.913872 0.711208
vt 0.926540 0.723693
vt 0.916714 0.708301
vt 0.928762 0.721679
vt 0.919765 0.705519
vt 0.931135 0.719786
vt 0.923039 0.702868
vt 0.933650 0.718033
vt 0.926528 0.700367
vt 0.936306 0.716428
vt 0.936406 0.802469
vt 0.926797 0.818456
vt 0.923318 0.816016
vt 0.933761 0.800888
vt 0.920046 0.813417
vt 0.931253 0.799158
vt 0.916991 0.810681
vt 0.928888 0.797289
vt 0.914136 0.807806
vt 0.926668 0.795296
vt 0.911478 0.804807
vt 0.924594 0.793191
vt 0.909030 0.801709
vt 0.922670 0.790981
vt 0.906782 0.798516
vt 0.920895 0.788677
vt 0.904733 0.795237
vt 0.919271 0.786289
vt 0.752026 0.844586
vt 0.749954 0.835077
vt 0.748134 0.825591
vt 0.746573 0.816126
vt 0.745247 0.806706
vt 0.744180 0.797297
vt 0.743344 0.787916
vt 0.742751 0.778549
vt 0.742400 0.769193
vt 0.742290 0.759845
vt 0.742419 0.750502
vt 0.742787 0.741160
vt 0.743393 0.731817
vt 0.744250 0.722475
vt 0.745328 0.713110
vt 0.746650 0.703739
vt 0.748212 0.694349
vt 0.750015 0.684936
vt 0.752060 0.675494
vt 0.754349 0.666016
vt 0.756883 0.656498
vt 0.759665 0.646928
vt 0.762700 0.637300
vt 0.765989 0.627602
vt 0.769539 0.617823
vt 0.773355 0.607951
vt 0.777447 0.597971
vt 0.781805 0.587917
vt 0.782628 0.933159
vt 0.778106 0.922975
vt 0.773865 0.912862
vt 0.769926 0.902894
vt 0.766270 0.893016
vt 0.762883 0.883194
vt 0.759775 0.873450
vt 0.756933 0.863752
vt 0.754350 0.854156
vt 0.887248 0.799609
vt 0.885353 0.795317
vt 0.883679 0.790961
vt 0.882233 0.786567
vt 0.881016 0.782140
vt 0.880017 0.777679
vt 0.879238 0.773193
vt 0.878679 0.768688
vt 0.878337 0.764170
vt 0.878218 0.759647
vt 0.878312 0.755123
vt 0.878624 0.750605
vt 0.879155 0.746098
vt 0.879904 0.741609
vt 0.880878 0.737138
vt 0.882073 0.732694
vt 0.883488 0.728290
vt 0.885129 0.723926
vt 0.886996 0.719617
vt 0.889096 0.715357
vt 0.891431 0.711161
vt 0.894004 0.707036
vt 0.896820 0.702990
vt 0.899876 0.699047
vt 0.903190 0.695193
vt 0.906758 0.691450
vt 0.910589 0.687829
vt 0.914686 0.684345
vt 0.915243 0.834557
vt 0.911093 0.831114
vt 0.907227 0.827547
vt 0.903623 0.823851
vt 0.900286 0.820049
vt 0.897194 0.816128
vt 0.894354 0.812124
vt 0.891748 0.808024
vt 0.889381 0.803850
vt 0.728845 0.849624
vt 0.726879 0.839523
vt 0.725151 0.829461
vt 0.723653 0.819448
vt 0.722399 0.809451
vt 0.721369 0.799491
vt 0.720581 0.789543
vt 0.720026 0.779615
vt 0.719702 0.769702
vt 0.719611 0.759799
vt 0.719750 0.749903
vt 0.720118 0.740009
vt 0.720734 0.730120
vt 0.721552 0.720218
vt 0.722609 0.710310
vt 0.723894 0.700389
vt 0.725406 0.690449
vt 0.727145 0.680485
vt 0.729110 0.670488
vt 0.731303 0.660452
vt 0.733729 0.650390
vt 0.736374 0.640256
vt 0.739248 0.630062
vt 0.742350 0.619792
vt 0.745683 0.609432
vt 0.749248 0.598970
vt 0.753049 0.588389
vt 0.757113 0.577630
vt 0.757589 0.943842
vt 0.753367 0.932944
vt 0.749415 0.922181
vt 0.745726 0.911546
vt 0.742295 0.901021
vt 0.739114 0.890589
vt 0.736187 0.880240
vt 0.733498 0.869987
vt 0.731051 0.859777
vt 0.960345 0.770253
vt 0.958735 0.768817
vt 0.962541 0.765167
vt 0.963450 0.765965
vt 0.957422 0.767127
vt 0.961780 0.764230
vt 0.956417 0.765252
vt 0.961205 0.763168
vt 0.955765 0.763238
vt 0.960819 0.762027
vt 0.955470 0.761154
vt 0.960637 0.760837
vt 0.955535 0.759059
vt 0.960663 0.759634
vt 0.955954 0.757013
vt 0.960891 0.758453
vt 0.956713 0.755074
vt 0.961323 0.757333
vt 0.957787 0.753294
vt 0.961939 0.756303
vt 0.959140 0.751715
vt 0.962726 0.755393
vt 0.960745 0.750383
vt 0.963656 0.754631
vt 0.962560 0.749341
vt 0.964705 0.754046
vt 0.964535 0.748632
vt 0.965838 0.753639
vt 0.966606 0.748270
vt 0.967025 0.753433
vt 0.968715 0.748270
vt 0.968229 0.753441
vt 0.970806 0.748622
vt 0.969415 0.753665
vt 0.972814 0.749348
vt 0.970547 0.754086
vt 0.974688 0.750409
vt 0.971587 0.754703
vt 0.976299 0.751845
vt 0.972501 0.755496
vt 0.977625 0.753528
vt 0.973259 0.756438
vt 0.978621 0.755410
vt 0.973840 0.757496
vt 0.979287 0.757422
vt 0.974222 0.758642
vt 0.979584 0.759511
vt 0.974404 0.759833
vt 0.979520 0.761611
vt 0.974383 0.761038
vt 0.979100 0.763662
vt 0.974155 0.762220
vt 0.978339 0.765605
vt 0.973723 0.763340
vt 0.977261 0.767388
vt 0.973106 0.764371
vt 0.975904 0.768970
vt 0.972316 0.765277
vt 0.974288 0.770291
vt 0.971387 0.766039
vt 0.972473 0.771330
vt 0.970336 0.766625
vt 0.970498 0.772037
vt 0.969201 0.767027
vt 0.968428 0.772397
vt 0.968013 0.767233
vt 0.966320 0.772397
vt 0.966807 0.767226
vt 0.964230 0.772045
vt 0.965621 0.767002
vt 0.962213 0.771330
vt 0.964489 0.766579
vt 0.932436 0.775337
vt 0.931560 0.773711
vt 0.930783 0.772037
vt 0.930107 0.770322
vt 0.929522 0.768576
vt 0.929041 0.766802
vt 0.928663 0.765004
vt 0.928391 0.763190
vt 0.928223 0.761364
vt 0.928162 0.759532
vt 0.928219 0.757700
vt 0.928383 0.755872
vt 0.928652 0.754055
vt 0.929013 0.752252
vt 0.929478 0.750472
vt 0.930048 0.748722
vt 0.930731 0.747010
vt 0.931515 0.745338
vt 0.932399 0.743712
vt 0.933372 0.742132
vt 0.934449 0.740618
vt 0.935613 0.739162
vt 0.936872 0.737784
vt 0.938218 0.736485
vt 0.939648 0.735269
vt 0.941157 0.734140
vt 0.942743 0.733110
vt 0.944397 0.732188
vt 0.944397 0.786776
vt 0.942750 0.785865
vt 0.941170 0.784846
vt 0.939666 0.783734
vt 0.938241 0.782530
vt 0.936900 0.781235
vt 0.935643 0.779868
vt 0.934480 0.778422
vt 0.933410 0.776909
vt 0.870745 0.807024
vt 0.868672 0.801877
vt 0.866855 0.796697
vt 0.865282 0.791473
vt 0.863954 0.786215
vt 0.862867 0.780941
vt 0.862021 0.775647
vt 0.861414 0.770336
vt 0.861045 0.765021
vt 0.860910 0.759698
vt 0.861011 0.754376
vt 0.861350 0.749055
vt 0.861926 0.743741
vt 0.862741 0.738438
vt 0.863792 0.733160
vt 0.865084 0.727905
vt 0.866620 0.722679
vt 0.868402 0.717479
vt 0.870440 0.712308
vt 0.872726 0.707188
vt 0.875272 0.702117
vt 0.878082 0.697101
vt 0.881164 0.692147
vt 0.884535 0.687245
vt 0.888182 0.682435
vt 0.892112 0.677730
vt 0.896356 0.673103
vt 0.900895 0.668611
vt 0.901628 0.850481
vt 0.897034 0.846012
vt 0.892733 0.841414
vt 0.888748 0.836738
vt 0.885048 0.831953
vt 0.881653 0.827118
vt 0.878526 0.822193
vt 0.875665 0.817187
vt 0.873076 0.812138
vt 0.704563 0.854342
vt 0.702705 0.843704
vt 0.701067 0.833110
vt 0.699653 0.822554
vt 0.698462 0.812028
vt 0.697495 0.801529
vt 0.696752 0.791052
vt 0.696233 0.780592
vt 0.695936 0.770148
vt 0.695885 0.759715
vt 0.696035 0.749293
vt 0.696410 0.738876
vt 0.696995 0.728456
vt 0.697813 0.718035
vt 0.698848 0.707609
vt 0.700099 0.697172
vt 0.701566 0.686720
vt 0.703245 0.676246
vt 0.705134 0.665746
vt 0.707232 0.655211
vt 0.709532 0.644614
vt 0.712041 0.633977
vt 0.714756 0.623296
vt 0.717667 0.612542
vt 0.720770 0.601678
vt 0.724068 0.590714
vt 0.727558 0.579625
vt 0.731240 0.568391
vt 0.731214 0.953558
vt 0.727368 0.942062
vt 0.723745 0.930723
vt 0.720345 0.919522
vt 0.717166 0.908439
vt 0.714207 0.897458
vt 0.711466 0.886592
vt 0.708944 0.875778
vt 0.706643 0.865031
vt 0.853324 0.814147
vt 0.851138 0.808174
vt 0.849221 0.802176
vt 0.847566 0.796147
vt 0.846171 0.790115
vt 0.845031 0.784053
vt 0.844142 0.777987
vt 0.843505 0.771914
vt 0.843117 0.765830
vt 0.842976 0.759746
vt 0.843081 0.753661
vt 0.843435 0.747578
vt 0.844038 0.741503
vt 0.844891 0.735440
vt 0.845997 0.729385
vt 0.847354 0.723337
vt 0.848969 0.717304
vt 0.850840 0.711299
vt 0.852976 0.705329
vt 0.855382 0.699375
vt 0.858062 0.693452
vt 0.861024 0.687565
vt 0.864275 0.681716
vt 0.867825 0.675910
vt 0.871681 0.670154
vt 0.875872 0.664430
vt 0.880364 0.658816
vt 0.885236 0.653219
vt 0.886085 0.865947
vt 0.881189 0.860459
vt 0.876626 0.854882
vt 0.872378 0.849212
vt 0.868465 0.843505
vt 0.864842 0.837703
vt 0.861529 0.831876
vt 0.858513 0.826002
vt 0.855777 0.820092
vt 0.679067 0.858781
vt 0.677308 0.847651
vt 0.675758 0.836557
vt 0.674420 0.825494
vt 0.673295 0.814460
vt 0.672387 0.803449
vt 0.671694 0.792459
vt 0.671218 0.781488
vt 0.670960 0.770531
vt 0.670902 0.759588
vt 0.671076 0.748653
vt 0.671464 0.737727
vt 0.672064 0.726805
vt 0.672875 0.715885
vt 0.673896 0.704964
vt 0.675124 0.694038
vt 0.676555 0.683103
vt 0.678186 0.672154
vt 0.680011 0.661185
vt 0.682026 0.650190
vt 0.684228 0.639160
vt 0.686610 0.628090
vt 0.689164 0.616952
vt 0.691892 0.605743
vt 0.694782 0.594471
vt 0.697830 0.583128
vt 0.701022 0.571648
vt 0.704356 0.560039
vt 0.703569 0.962286
vt 0.700125 0.950324
vt 0.696849 0.938520
vt 0.693748 0.926854
vt 0.690826 0.915305
vt 0.688086 0.903856
vt 0.685535 0.892495
vt 0.683175 0.881204
vt 0.681011 0.869975
vt 0.834957 0.820953
vt 0.832715 0.814172
vt 0.830748 0.807396
vt 0.829052 0.800619
vt 0.827624 0.793817
vt 0.826455 0.787025
vt 0.825549 0.780215
vt 0.824896 0.773410
vt 0.824498 0.766604
vt 0.824354 0.759794
vt 0.824463 0.752985
vt 0.824826 0.746179
vt 0.825447 0.739376
vt 0.826320 0.732572
vt 0.827453 0.725778
vt 0.828841 0.718990
vt 0.830493 0.712209
vt 0.832409 0.705437
vt 0.834601 0.698674
vt 0.837065 0.691920
vt 0.839812 0.685177
vt 0.842845 0.678469
vt 0.846178 0.671756
vt 0.849818 0.665061
vt 0.853775 0.658383
vt 0.858062 0.651723
vt 0.862712 0.645056
vt 0.867678 0.638477
vt 0.868785 0.880989
vt 0.863680 0.874431
vt 0.858942 0.867830
vt 0.854556 0.861193
vt 0.850508 0.854530
vt 0.846796 0.847865
vt 0.843386 0.841156
vt 0.840285 0.834431
vt 0.837474 0.827691
vt 0.652160 0.863038
vt 0.650494 0.851432
vt 0.649021 0.839858
vt 0.647746 0.828309
vt 0.646672 0.816783
vt 0.645838 0.805268
vt 0.645180 0.793780
vt 0.644737 0.782306
vt 0.644508 0.770846
vt 0.644491 0.759399
vt 0.644686 0.747964
vt 0.645092 0.736540
vt 0.645706 0.725125
vt 0.646526 0.713719
vt 0.647546 0.702318
vt 0.648762 0.690920
vt 0.650200 0.679530
vt 0.651797 0.668132
vt 0.653579 0.656726
vt 0.655538 0.645307
vt 0.657665 0.633869
vt 0.659953 0.622405
vt 0.662392 0.610905
vt 0.664971 0.599359
vt 0.667680 0.587760
vt 0.670508 0.576071
vt 0.673441 0.564314
vt 0.676466 0.552450
vt 0.674717 0.970069
vt 0.671662 0.957785
vt 0.668715 0.945641
vt 0.665891 0.933615
vt 0.663204 0.921688
vt 0.660663 0.909842
vt 0.658281 0.898064
vt 0.656067 0.886341
vt 0.654030 0.874663
s 1
usemtl Body
f 8/1/8 9/2/9 46/3/44 45/4/43
f 45/4/43 46/3/44 83/5/79 82/6/78
f 82/6/78 83/5/79 120/7/114 119/8/113
f 119/8/113 120/7/114 157/9/149 156/10/148
f 156/10/148 157/9/149 194/11/184 193/12/183
f 193/12/183 194/11/184 231/13/219 230/14/218
f 230/14/218 231/13/219 268/15/254 267/16/253
f 267/16/253 268/15/254 305/17/289 304/18/288
f 304/18/288 305/17/289 342/19/324 341/20/323
f 341/20/323 342/19/324 379/21/359 378/22/358
f 378/22/358 379/21/359 416/23/394 415/24/393
f 415/24/393 416/23/394 453/25/429 452/26/428
f 452/26/428 453/25/429 490/27/464 489/28/463
f 489/28/463 490/27/464 527/29/499 526/30/498
f 526/30/498 527/29/499 564/31/534 563/32/533
f 563/32/533 564/31/534 601/33/569 600/34/568
f 600/34/568 601/33/569 638/35/604 637/36/603
f 637/36/603 638/35/604 675/37/639 674/38/638
f 674/38/638 675/37/639 712/39/662 711/40/661
f 711/40/661 712/39/662 749/41/685 748/42/684
f 748/42/684 749/41/685 786/43/710 785/44/709
f 785/44/709 786/43/710 823/45/733 822/46/732
f 822/46/732 823/45/733 860/47/756 859/48/755
f 859/48/755 860/47/756 897/49/779 896/50/778
f 896/50/778 897/49/779 934/51/802 933/52/801
f 933/52/801 934/51/802 971/53/827 970/54/826
f 970/54/826 971/53/827 1008/55/850 1007/56/849
f 1007/57/849 1008/58/850 1045/59/873 1044/60/872
f 1044/60/872 1045/59/873 1082/61/896 1081/62/895
f 1081/62/895 1082/61/896 1119/63/919 1118/64/918
f 1118/64/918 1119/63/919 1156/65/942 1155/66/941
f 1155/66/941 1156/65/942 1193/67/965 1192/68/964
f 1192/68/964 1193/67/965 1230/69/988 1229/70/987
f 1229/70/987 1230/69/988 1267/71/1011 1266/72/1010
f 1266/72/1010 1267/71/1011 1304/73/1034 1303/74/1033
f 1303/74/1033 1304/73/1034 9/2/9 8/1/8
f 3/75/3 4/76/4 41/77/39 40/78/3
f 40/78/3 41/77/39 78/79/74 77/80/3
f 77/80/3 78/79/74 115/81/109 114/82/3
f 114/82/3 115/81/109 152/83/144 151/84/3
f 151/84/3 152/83/144 189/85/179 188/86/3
f 188/86/3 189/85/179 226/87/214 225/88/3
f 225/88/3 226/87/214 263/89/249 262/90/3
f 262/90/3 263/89/249 300/91/284 299/92/3
f 299/92/3 300/91/284 337/93/319 336/94/3
f 336/94/3 337/93/319 374/95/354 373/96/3
f 373/96/3 374/95/354 411/97/389 410/98/3
f 410/98/3 411/97/389 448/99/424 447/100/3
f 447/100/3 448/99/424 485/101/459 484/102/3
f 484/102/3 485/101/459 522/103/494 521/104/3
f 521/104/3 522/103/494 559/105/529 558/106/3
f 558/106/3 559/105/529 596/107/564 595/108/3
f 595/108/3 596/107/564 633/109/599 632/110/3
f 632/110/3 633/109/599 670/111/634 669/112/3
f 669/112/3 670/111/634 707/113/657 706/114/3
f 706/114/3 707/113/657 744/115/680 743/116/3
f 743/116/3 744/115/680 781/117/705 780/118/3
f 780/118/3 781/117/705 818/119/728 817/120/3
f 817/120/3 818/119/728 855/121/751 854/122/3
f 854/122/3 855/121/751 892/123/774 891/124/3
f 891/124/3 892/123/774 929/125/797 928/126/3
f 928/126/3 929/125/797 966/127/822 965/128/3
f 965/128/3 966/127/822 1003/129/845 1002/130/3
f 1002/131/3 1003/132/845 1040/133/868 1039/134/3
f 1039/134/3 1040/133/868 1077/135/891 1076/136/3
f 1076/136/3 1077/135/891 1114/137/914 1113/138/3
f 1113/138/3 1114/137/914 1151/139/937 1150/140/3
f 1150/140/3 1151/139/937 1188/141/960 1187/142/3
f 1187/142/3 1188/141/960 1225/143/983 1224/144/3
f 1224/144/3 1225/143/983 1262/145/1006 1261/146/3
f 1261/146/3 1262/145/1006 1299/147/1029 1298/148/3
f 1298/148/3 1299/147/1029 4/76/4 3/75/3
f 6/149/6 7/150/7 44/151/42 43/152/41
f 43/152/41 44/151/42 81/153/77 80/154/76
f 80/154/76 81/153/77 118/155/112 117/156/111
f 117/156/111 118/155/112 155/157/147 154/158/146
f 154/158/146 155/157/147 192/159/182 191/160/181
f 191/160/181 192/159/182 229/161/217 228/162/216
f 228/162/216 229/161/217 266/163/252 265/164/251
f 265/164/251 266/163/252 303/165/287 302/166/286
f 302/166/286 303/165/287 340/167/322 339/168/321
f 339/168/321 340/167/322 377/169/357 376/170/356
f 376/170/356 377/169/357 414/171/392 413/172/391
f 413/172/391 414/171/392 451/173/427 450/174/426
f 450/174/426 451/173/427 488/175/462 487/176/461
f 487/176/461 488/175/462 525/177/497 524/178/496
f 524/178/496 525/177/497 562/179/532 561/180/531
f 561/180/531 562/179/532 599/181/567 598/182/566
f 598/182/566 599/181/567 636/183/602 635/184/601
f 635/184/601 636/183/602 673/185/637 672/186/636
f 672/186/636 673/185/637 710/187/660 709/188/659
f 709/188/659 710/187/660 747/189/683 746/190/682
f 746/190/682 747/189/683 784/191/708 783/192/707
f 783/192/707 784/191/708 821/193/731 820/194/730
f 820/194/730 821/193/731 858/195/754 857/196/753
f 857/196/753 858/195/754 895/197/777 894/198/776
f 894/198/776 895/197/777 932/199/800 931/200/799
f 931/200/799 932/199/800 969/201/825 968/202/824
f 968/202/824 969/201/825 1006/203/848 1005/204/847
f 1005/205/847 1006/206/848 1043/207/871 1042/208/870
f 1042/208/870 1043/207/871 1080/209/894 1079/210/893
f 1079/210/893 1080/209/894 1117/211/917 1116/212/916
f 1116/212/916 1117/211/917 1154/213/940 1153/214/939
f 1153/214/939 1154/213/940 1191/215/963 1190/216/962
f 1190/216/962 1191/215/963 1228/217/986 1227/218/985
f 1227/218/985 1228/217/986 1265/219/1009 1264/220/1008
f 1264/220/1008 1265/219/1009 1302/221/1032 1301/222/1031
f 1301/222/1031 1302/221/1032 7/150/7 6/149/6
f 13/223/13 50/224/48 51/225/49 14/226/14
f 50/224/48 87/227/83 88/228/84 51/225/49
f 87/227/83 124/229/118 125/230/119 88/228/84
f 124/229/118 161/231/153 162/232/154 125/230/119
f 161/231/153 198/233/188 199/234/189 162/232/154
f 198/233/188 235/235/223 236/236/224 199/234/189
f 235/235/223 272/237/258 273/238/259 236/236/224
f 272/237/258 309/239/293 310/240/294 273/238/259
f 309/239/293 346/241/328 347/242/329 310/240/294
f 346/241/328 383/243/363 384/244/364 347/242/329
f 383/243/363 420/245/398 421/246/399 384/244/364
f 420/245/398 457/247/433 458/248/434 421/246/399
f 457/247/433 494/249/468 495/250/469 458/248/434
f 494/249/468 531/251/503 532/252/504 495/250/469
f 531/251/503 568/253/538 569/254/539 532/252/504
f 568/253/538 605/255/573 606/256/574 569/254/539
f 605/255/573 642/257/608 643/258/609 606/256/574
f 642/257/608 679/259/643 680/260/644 643/258/609
f 679/259/643 716/261/666 717/262/667 680/260/644
f 716/261/666 753/263/689 754/264/690 717/262/667
f 753/263/689 790/265/714 791/266/715 754/264/690
f 790/265/714 827/267/737 828/268/738 791/266/715
f 827/267/737 864/269/760 865/270/761 828/268/738
f 864/269/760 901/271/783 902/272/784 865/270/761
f 901/271/783 938/273/806 939/274/807 902/272/784
f 938/273/806 975/275/831 976/276/832 939/274/807
f 975/275/831 1012/277/854 1013/278/855 976/276/832
f 1012/279/854 1049/280/877 1050/281/878 1013/282/855
f 1049/280/877 1086/283/900 1087/284/901 1050/281/878
f 1086/283/900 1123/285/923 1124/286/924 1087/284/901
f 1123/285/923 1160/287/946 1161/288/947 1124/286/924
f 1160/287/946 1197/289/969 1198/290/970 1161/288/947
f 1197/289/969 1234/291/992 1235/292/993 1198/290/970
f 1234/291/992 1271/293/1015 1272/294/1016 1235/292/993
f 1271/293/1015 1308/295/1038 1309/296/1039 1272/294/1016
f 1308/295/1038 13/223/13 14/226/14 1309/296/1039
f 9/2/9 10/297/10 47/298/45 46/3/44
f 46/3/44 47/298/45 84/299/80 83/5/79
f 83/5/79 84/299/80 121/300/115 120/7/114
f 120/7/114 121/300/115 158/301/150 157/9/149
f 157/9/149 158/301/150 195/302/185 194/11/184
f 194/11/184 195/302/185 232/303/220 231/13/219
f 231/13/219 232/303/220 269/304/255 268/15/254
f 268/15/254 269/304/255 306/305/290 305/17/289
f 305/17/289 306/305/290 343/306/325 342/19/324
f 342/19/324 343/306/325 380/307/360 379/21/359
f 379/21/359 380/307/360 417/308/395 416/23/394
f 416/23/394 417/308/395 454/309/430 453/25/429
f 453/25/429 454/309/430 491/310/465 490/27/464
f 490/27/464 491/310/465 528/311/500 527/29/499
f 527/29/499 528/311/500 565/312/535 564/31/534
f 564/31/534 565/312/535 602/313/570 601/33/569
f 601/33/569 602/313/570 639/314/605 638/35/604
f 638/35/604 639/314/605 676/315/640 675/37/639
f 675/37/639 676/315/640 713/316/663 712/39/662
f 712/39/662 713/316/663 750/317/686 749/41/685
f 749/41/685 750/317/686 787/318/711 786/43/710
f 786/43/710 787/318/711 824/319/734 823/45/733
f 823/45/733 824/319/734 861/320/757 860/47/756
f 860/47/756 861/320/757 898/321/780 897/49/779
f 897/49/779 898/321/780 935/322/803 934/51/802
f 934/51/802 935/322/803 972/323/828 971/53/827
f 971/53/827 972/323/828 1009/324/851 1008/55/850
f 1008/58/850 1009/325/851 1046/326/874 1045/59/873
f 1045/59/873 1046/326/874 1083/327/897 1082/61/896
f 1082/61/896 1083/327/897 1120/328/920 1119/63/919
f 1119/63/919 1120/328/920 1157/329/943 1156/65/942
f 1156/65/942 1157/329/943 1194/330/966 1193/67/965
f 1193/67/965 1194/330/966 1231/331/989 1230/69/988
f 1230/69/988 1231/331/989 1268/332/1012 1267/71/1011
f 1267/71/1011 1268/332/1012 1305/333/1035 1304/73/1034
f 1304/73/1034 1305/333/1035 10/297/10 9/2/9
f 4/76/4 6/149/6 43/152/41 41/77/39
f 41/77/39 43/152/41 80/154/76 78/79/74
f 78/79/74 80/154/76 117/156/111 115/81/109
f 115/81/109 117/156/111 154/158/146 152/83/144
f 152/83/144 154/158/146 191/160/181 189/85/179
f 189/85/179 191/160/181 228/162/216 226/87/214
f 226/87/214 228/162/216 265/164/251 263/89/249
f 263/89/249 265/164/251 302/166/286 300/91/284
f 300/91/284 302/166/286 339/168/321 337/93/319
f 337/93/319 339/168/321 376/170/356 374/95/354
f 374/95/354 376/170/356 413/172/391 411/97/389
f 411/97/389 413/172/391 450/174/426 448/99/424
f 448/99/424 450/174/426 487/176/461 485/101/459
f 485/101/459 487/176/461 524/178/496 522/103/494
f 522/103/494 524/178/496 561/180/531 559/105/529
f 559/105/529 561/180/531 598/182/566 596/107/564
f 596/107/564 598/182/566 635/184/601 633/109/599
f 633/109/599 635/184/601 672/186/636 670/111/634
f 670/111/634 672/186/636 709/188/659 707/113/657
f 707/113/657 709/188/659 746/190/682 744/115/680
f 744/115/680 746/190/682 783/192/707 781/117/705
f 781/117/705 783/192/707 820/194/730 818/119/728
f 818/119/728 820/194/730 857/196/753 855/121/751
f 855/121/751 857/196/753 894/198/776 892/123/774
f 892/123/774 894/198/776 931/200/799 929/125/797
f 929/125/797 931/200/799 968/202/824 966/127/822
f 966/127/822 968/202/824 1005/204/847 1003/129/845
f 1003/132/845 1005/205/847 1042/208/870 1040/133/868
f 1040/133/868 1042/208/870 1079/210/893 1077/135/891
f 1077/135/891 1079/210/893 1116/212/916 1114/137/914
f 1114/137/914 1116/212/916 1153/214/939 1151/139/937
f 1151/139/937 1153/214/939 1190/216/962 1188/141/960
f 1188/141/960 1190/216/962 1227/218/985 1225/143/983
f 1225/143/983 1227/218/985 1264/220/1008 1262/145/1006
f 1262/145/1006 1264/220/1008 1301/222/1031 1299/147/1029
f 1299/147/1029 1301/222/1031 6/149/6 4/76/4
f 12/334/12 14/335/14 51/336/49 49/337/47
f 49/337/47 51/336/49 88/338/84 86/339/82
f 86/339/82 88/338/84 125/340/119 123/341/117
f 123/341/117 125/340/119 162/342/154 160/343/152
f 160/343/152 162/342/154 199/344/189 197/345/187
f 197/345/187 199/344/189 236/346/224 234/347/222
f 234/347/222 236/346/224 273/348/259 271/349/257
f 271/349/257 273/348/259 310/350/294 308/351/292
f 308/351/292 310/350/294 347/352/329 345/353/327
f 345/353/327 347/352/329 384/354/364 382/355/362
f 382/355/362 384/354/364 421/356/399 419/357/397
f 419/357/397 421/356/399 458/358/434 456/359/432
f 456/359/432 458/358/434 495/360/469 493/361/467
f 493/361/467 495/360/469 532/362/504 530/363/502
f 530/363/502 532/362/504 569/364/539 567/365/537
f 567/365/537 569/364/539 606/366/574 604/367/572
f 604/367/572 606/366/574 643/368/609 641/369/607
f 641/369/607 643/368/609 680/370/644 678/371/642
f 678/371/642 680/370/644 717/372/667 715/373/665
f 715/373/665 717/372/667 754/374/690 752/375/688
f 752/375/688 754/374/690 791/376/715 789/377/713
f 789/377/713 791/376/715 828/378/738 826/379/736
f 826/379/736 828/378/738 865/380/761 863/381/759
f 863/381/759 865/380/761 902/382/784 900/383/782
f 900/383/782 902/382/784 939/384/807 937/385/805
f 937/385/805 939/384/807 976/386/832 974/387/830
f 974/387/830 976/386/832 1013/388/855 1011/389/853
f 1011/390/853 1013/391/855 1050/392/878 1048/393/876
f 1048/393/876 1050/392/878 1087/394/901 1085/395/899
f 1085/395/899 1087/394/901 1124/396/924 1122/397/922
f 1122/397/922 1124/396/924 1161/398/947 1159/399/945
f 1159/399/945 1161/398/947 1198/400/970 1196/401/968
f 1196/401/968 1198/400/970 1235/402/993 1233/403/991
f 1233/403/991 1235/402/993 1272/404/1016 1270/405/1014
f 1270/405/1014 1272/404/1016 1309/406/1039 1307/407/1037
f 1307/407/1037 1309/406/1039 14/335/14 12/334/12
f 16/408/16 17/409/17 54/410/52 53/411/51
f 53/411/51 54/410/52 91/412/87 90/413/86
f 90/413/86 91/412/87 128/414/122 127/415/121
f 127/415/121 128/414/122 165/416/157 164/417/156
f 164/417/156 165/416/157 202/418/192 201/419/191
f 201/419/191 202/418/192 239/420/227 238/421/226
f 238/421/226 239/420/227 276/422/262 275/423/261
f 275/423/261 276/422/262 313/424/297 312/425/296
f 312/425/296 313/424/297 350/426/332 349/427/331
f 349/427/331 350/426/332 387/428/367 386/429/366
f 386/429/366 387/428/367 424/430/402 423/431/401
f 423/431/401 424/430/402 461/432/437 460/433/436
f 460/433/436 461/432/437 498/434/472 497/435/471
f 497/435/471 498/434/472 535/436/507 534/437/506
f 534/437/506 535/436/507 572/438/542 571/439/541
f 571/439/541 572/438/542 609/440/577 608/441/576
f 608/441/576 609/440/577 646/442/612 645/443/611
f 645/443/611 646/442/612 683/444/647 682/445/646
f 682/445/646 683/444/647 720/446/670 719/447/669
f 719/447/669 720/446/670 757/448/693 756/449/692
f 756/449/692 757/448/693 794/450/718 793/451/717
f 793/451/717 794/450/718 831/452/741 830/453/740
f 830/453/740 831/452/741 868/454/764 867/455/763
f 867/455/763 868/454/764 905/456/787 904/457/786
f 904/457/786 905/456/787 942/458/810 941/459/809
f 941/459/809 942/458/810 979/460/835 978/461/834
f 978/461/834 979/460/835 1016/462/858 1015/463/857
f 1015/463/857 1016/462/858 1053/464/881 1052/465/880
f 1052/465/880 1053/464/881 1090/466/904 1089/467/903
f 1089/467/903 1090/466/904 1127/468/927 1126/469/926
f 1126/469/926 1127/468/927 1164/470/950 1163/471/949
f 1163/471/949 1164/470/950 1201/472/973 1200/473/972
f 1200/473/972 1201/472/973 1238/474/996 1237/475/995
f 1237/475/995 1238/474/996 1275/476/1019 1274/477/1018
f 1274/477/1018 1275/476/1019 1312/478/1042 1311/479/1041
f 1311/479/1041 1312/478/1042 17/409/17 16/408/16
f 5/480/5 42/481/40 44/151/42 7/150/7
f 42/481/40 79/482/75 81/153/77 44/151/42
f 79/482/75 116/483/110 118/155/112 81/153/77
f 116/483/110 153/484/145 155/157/147 118/155/112
f 153/484/145 190/485/180 192/159/182 155/157/147
f 190/485/180 227/486/215 229/161/217 192/159/182
f 227/486/215 264/487/250 266/163/252 229/161/217
f 264/487/250 301/488/285 303/165/287 266/163/252
f 301/488/285 338/489/320 340/167/322 303/165/287
f 338/489/320 375/490/355 377/169/357 340/167/322
f 375/490/355 412/491/390 414/171/392 377/169/357
f 412/491/390 449/492/425 451/173/427 414/171/392
f 449/492/425 486/493/460 488/175/462 451/173/427
f 486/493/460 523/494/495 525/177/497 488/175/462
f 523/494/495 560/495/530 562/179/532 525/177/497
f 560/495/530 597/496/565 599/181/567 562/179/532
f 597/496/565 634/497/600 636/183/602 599/181/567
f 634/497/600 671/498/635 673/185/637 636/183/602
f 671/498/635 708/499/658 710/187/660 673/185/637
f 708/499/658 745/500/681 747/189/683 710/187/660
f 745/500/681 782/501/706 784/191/708 747/189/683
f 782/501/706 819/502/729 821/193/731 784/191/708
f 819/502/729 856/503/752 858/195/754 821/193/731
f 856/503/752 893/504/775 895/197/777 858/195/754
f 893/504/775 930/505/798 932/199/800 895/197/777
f 930/505/798 967/506/823 969/201/825 932/199/800
f 967/506/823 1004/507/846 1006/203/848 969/201/825
f 1004/508/846 1041/509/869 1043/207/871 1006/206/848
f 1041/509/869 1078/510/892 1080/209/894 1043/207/871
f 1078/510/892 1115/511/915 1117/211/917 1080/209/894
f 1115/511/915 1152/512/938 1154/213/940 1117/211/917
f 1152/512/938 1189/513/961 1191/215/963 1154/213/940
f 1189/513/961 1226/514/984 1228/217/986 1191/215/963
f 1226/514/984 1263/515/1007 1265/219/1009 1228/217/986
f 1263/515/1007 1300/516/1030 1302/221/1032 1265/219/1009
f 1300/516/1030 5/480/5 7/150/7 1302/221/1032
f 5/480/5 8/1/8 45/4/43 42/481/40
f 42/481/40 45/4/43 82/6/78 79/482/75
f 79/482/75 82/6/78 119/8/113 116/483/110
f 116/483/110 119/8/113 156/10/148 153/484/145
f 153/484/145 156/10/148 193/12/183 190/485/180
f 190/485/180 193/12/183 230/14/218 227/486/215
f 227/486/215 230/14/218 267/16/253 264/487/250
f 264/487/250 267/16/253 304/18/288 301/488/285
f 301/488/285 304/18/288 341/20/323 338/489/320
f 338/489/320 341/20/323 378/22/358 375/490/355
f 375/490/355 378/22/358 415/24/393 412/491/390
f 412/491/390 415/24/393 452/26/428 449/492/425
f 449/492/425 452/26/428 489/28/463 486/493/460
f 486/493/460 489/28/463 526/30/498 523/494/495
f 523/494/495 526/30/498 563/32/533 560/495/530
f 560/495/530 563/32/533 600/34/568 597/496/565
f 597/496/565 600/34/568 637/36/603 634/497/600
f 634/497/600 637/36/603 674/38/638 671/498/635
f 671/498/635 674/38/638 711/40/661 708/499/658
f 708/499/658 711/40/661 748/42/684 745/500/681
f 745/500/681 748/42/684 785/44/709 782/501/706
f 782/501/706 785/44/709 822/46/732 819/502/729
f 819/502/729 822/46/732 859/48/755 856/503/752
f 856/503/752 859/48/755 896/50/778 893/504/775
f 893/504/775 896/50/778 933/52/801 930/505/798
f 930/505/798 933/52/801 970/54/826 967/506/823
f 967/506/823 970/54/826 1007/56/849 1004/507/846
f 1004/508/846 1007/57/849 1044/60/872 1041/509/869
f 1041/509/869 1044/60/872 1081/62/895 1078/510/892
f 1078/510/892 1081/62/895 1118/64/918 1115/511/915
f 1115/511/915 1118/64/918 1155/66/941 1152/512/938
f 1152/512/938 1155/66/941 1192/68/964 1189/513/961
f 1189/513/961 1192/68/964 1229/70/987 1226/514/984
f 1226/514/984 1229/70/987 1266/72/1010 1263/515/1007
f 1263/515/1007 1266/72/1010 1303/74/1033 1300/516/1030
f 1300/516/1030 1303/74/1033 8/1/8 5/480/5
f 10/297/10 11/517/11 48/518/46 47/298/45
f 47/298/45 48/518/46 85/519/81 84/299/80
f 84/299/80 85/519/81 122/520/116 121/300/115
f 121/300/115 122/520/116 159/521/151 158/301/150
f 158/301/150 159/521/151 196/522/186 195/302/185
f 195/302/185 196/522/186 233/523/221 232/303/220
f 232/303/220 233/523/221 270/524/256 269/304/255
f 269/304/255 270/524/256 307/525/291 306/305/290
f 306/305/290 307/525/291 344/526/326 343/306/325
f 343/306/325 344/526/326 381/527/361 380/307/360
f 380/307/360 381/527/361 418/528/396 417/308/395
f 417/308/395 418/528/396 455/529/431 454/309/430
f 454/309/430 455/529/431 492/530/466 491/310/465
f 491/310/465 492/530/466 529/531/501 528/311/500
f 528/311/500 529/531/501 566/532/536 565/312/535
f 565/312/535 566/532/536 603/533/571 602/313/570
f 602/313/570 603/533/571 640/534/606 639/314/605
f 639/314/605 640/534/606 677/535/641 676/315/640
f 676/315/640 677/535/641 714/536/664 713/316/663
f 713/316/663 714/536/664 751/537/687 750/317/686
f 750/317/686 751/537/687 788/538/712 787/318/711
f 787/318/711 788/538/712 825/539/735 824/319/734
f 824/319/734 825/539/735 862/540/758 861/320/757
f 861/320/757 862/540/758 899/541/781 898/321/780
f 898/321/780 899/541/781 936/542/804 935/322/803
f 935/322/803 936/542/804 973/543/829 972/323/828
f 972/323/828 973/543/829 1010/544/852 1009/324/851
f 1009/325/851 1010/545/852 1047/546/875 1046/326/874
f 1046/326/874 1047/546/875 1084/547/898 1083/327/897
f 1083/327/897 1084/547/898 1121/548/921 1120/328/920
f 1120/328/920 1121/548/921 1158/549/944 1157/329/943
f 1157/329/943 1158/549/944 1195/550/967 1194/330/966
f 1194/330/966 1195/550/967 1232/551/990 1231/331/989
f 1231/331/989 1232/551/990 1269/552/1013 1268/332/1012
f 1268/332/1012 1269/552/1013 1306/553/1036 1305/333/1035
f 1305/333/1035 1306/553/1036 11/517/11 10/297/10
f 15/554/15 16/555/16 53/556/51 52/557/50
f 52/557/50 53/556/51 90/558/86 89/559/85
f 89/559/85 90/558/86 127/560/121 126/561/120
f 126/561/120 127/560/121 164/562/156 163/563/155
f 163/563/155 164/562/156 201/564/191 200/565/190
f 200/565/190 201/564/191 238/566/226 237/567/225
f 237/567/225 238/566/226 275/568/261 274/569/260
f 274/569/260 275/568/261 312/570/296 311/571/295
f 311/571/295 312/570/296 349/572/331 348/573/330
f 348/573/330 349/572/331 386/574/366 385/575/365
f 385/575/365 386/574/366 423/576/401 422/577/400
f 422/577/400 423/576/401 460/578/436 459/579/435
f 459/579/435 460/578/436 497/580/471 496/581/470
f 496/581/470 497/580/471 534/582/506 533/583/505
f 533/583/505 534/582/506 571/584/541 570/585/540
f 570/585/540 571/584/541 608/586/576 607/587/575
f 607/587/575 608/586/576 645/588/611 644/589/610
f 644/589/610 645/588/611 682/590/646 681/591/645
f 681/591/645 682/590/646 719/592/669 718/593/668
f 718/593/668 719/592/669 756/594/692 755/595/691
f 755/595/691 756/594/692 793/596/717 792/597/716
f 792/597/716 793/596/717 830/598/740 829/599/739
f 829/599/739 830/598/740 867/600/763 866/601/762
f 866/601/762 867/600/763 904/602/786 903/603/785
f 903/603/785 904/602/786 941/604/809 940/605/808
f 940/605/808 941/604/809 978/606/834 977/607/833
f 977/607/833 978/606/834 1015/608/857 1014/609/856
f 1014/610/856 1015/611/857 1052/612/880 1051/613/879
f 1051/613/879 1052/612/880 1089/614/903 1088/615/902
f 1088/615/902 1089/614/903 1126/616/926 1125/617/925
f 1125/617/925 1126/616/926 1163/618/949 1162/619/948
f 1162/619/948 1163/618/949 1200/620/972 1199/621/971
f 1199/621/971 1200/620/972 1237/622/995 1236/623/994
f 1236/623/994 1237/622/995 1274/624/1018 1273/625/1017
f 1273/625/1017 1274/624/1018 1311/626/1041 1310/627/1040
f 1310/627/1040 1311/626/1041 16/555/16 15/554/15
f 1/628/1 38/629/38 54/410/52 17/409/17
f 38/629/38 75/630/73 91/412/87 54/410/52
f 75/630/73 112/631/108 128/414/122 91/412/87
f 112/631/108 149/632/143 165/416/157 128/414/122
f 149/632/143 186/633/178 202/418/192 165/416/157
f 186/633/178 223/634/213 239/420/227 202/418/192
f 223/634/213 260/635/248 276/422/262 239/420/227
f 260/635/248 297/636/283 313/424/297 276/422/262
f 297/636/283 334/637/318 350/426/332 313/424/297
f 334/637/318 371/638/353 387/428/367 350/426/332
f 371/638/353 408/639/388 424/430/402 387/428/367
f 408/639/388 445/640/423 461/432/437 424/430/402
f 445/640/423 482/641/458 498/434/472 461/432/437
f 482/641/458 519/642/493 535/436/507 498/434/472
f 519/642/493 556/643/528 572/438/542 535/436/507
f 556/643/528 593/644/563 609/440/577 572/438/542
f 593/644/563 630/645/598 646/442/612 609/440/577
f 630/645/598 667/646/633 683/444/647 646/442/612
f 667/646/633 704/647/656 720/446/670 683/444/647
f 704/647/656 741/648/679 757/448/693 720/446/670
f 741/648/679 778/649/704 794/450/718 757/448/693
f 778/649/704 815/650/727 831/452/741 794/450/718
f 815/650/727 852/651/750 868/454/764 831/452/741
f 852/651/750 889/652/773 905/456/787 868/454/764
f 889/652/773 926/653/796 942/458/810 905/456/787
f 926/653/796 963/654/821 979/460/835 942/458/810
f 963/654/821 1000/655/844 1016/462/858 979/460/835
f 1000/655/844 1037/656/867 1053/464/881 1016/462/858
f 1037/656/867 1074/657/890 1090/466/904 1053/464/881
f 1074/657/890 1111/658/913 1127/468/927 1090/466/904
f 1111/658/913 1148/659/936 1164/470/950 1127/468/927
f 1148/659/936 1185/660/959 1201/472/973 1164/470/950
f 1185/660/959 1222/661/982 1238/474/996 1201/472/973
f 1222/661/982 1259/662/1005 1275/476/1019 1238/474/996
f 1259/662/1005 1296/663/1028 1312/478/1042 1275/476/1019
f 1296/663/1028 1/628/1 17/409/17 1312/478/1042
f 18/664/18 55/665/53 57/666/55 20/667/20
f 55/665/53 92/668/88 94/669/90 57/666/55
f 92/668/88 129/670/123 131/671/125 94/669/90
f 129/670/123 166/672/158 168/673/160 131/671/125
f 166/672/158 203/674/193 205/675/195 168/673/160
f 203/674/193 240/676/228 242/677/230 205/675/195
f 240/676/228 277/678/263 279/679/265 242/677/230
f 277/678/263 314/680/298 316/681/300 279/679/265
f 314/680/298 351/682/333 353/683/335 316/681/300
f 351/682/333 388/684/368 390/685/370 353/683/335
f 388/684/368 425/686/403 427/687/405 390/685/370
f 425/686/403 462/688/438 464/689/440 427/687/405
f 462/688/438 499/690/473 501/691/475 464/689/440
f 499/690/473 536/692/508 538/693/510 501/691/475
f 536/692/508 573/694/543 575/695/545 538/693/510
f 573/694/543 610/696/578 612/697/580 575/695/545
f 610/696/578 647/698/613 649/699/615 612/697/580
f 647/698/613 684/700/25 686/701/26 649/699/615
f 684/700/25 721/702/60 723/703/61 686/701/26
f 721/702/60 758/704/95 760/705/96 723/703/61
f 758/704/95 795/706/130 797/707/131 760/705/96
f 795/706/130 832/708/165 834/709/166 797/707/131
f 832/708/165 869/710/200 871/711/201 834/709/166
f 869/710/200 906/712/235 908/713/236 871/711/201
f 906/712/235 943/714/270 945/715/271 908/713/236
f 943/714/270 980/716/305 982/717/306 945/715/271
f 980/716/305 1017/718/340 1019/719/341 982/717/306
f 1017/718/340 1054/720/375 1056/721/376 1019/719/341
f 1054/720/375 1091/722/410 1093/723/411 1056/721/376
f 1091/722/410 1128/724/445 1130/725/446 1093/723/411
f 1128/724/445 1165/726/480 1167/727/481 1130/725/446
f 1165/726/480 1202/728/515 1204/729/516 1167/727/481
f 1202/728/515 1239/730/550 1241/731/551 1204/729/516
f 1239/730/550 1276/732/585 1278/733/586 1241/731/551
f 1276/732/585 1313/734/620 1315/735/621 1278/733/586
f 1313/734/620 18/664/18 20/667/20 1315/735/621
f 20/667/20 57/666/55 56/736/54 19/737/19
f 57/666/55 94/669/90 93/738/89 56/736/54
f 94/669/90 131/671/125 130/739/124 93/738/89
f 131/671/125 168/673/160 167/740/159 130/739/124
f 168/673/160 205/675/195 204/741/194 167/740/159
f 205/675/195 242/677/230 241/742/229 204/741/194
f 242/677/230 279/679/265 278/743/264 241/742/229
f 279/679/265 316/681/300 315/744/299 278/743/264
f 316/681/300 353/683/335 352/745/334 315/744/299
f 353/683/335 390/685/370 389/746/369 352/745/334
f 390/685/370 427/687/405 426/747/404 389/746/369
f 427/687/405 464/689/440 463/748/439 426/747/404
f 464/689/440 501/691/475 500/749/474 463/748/439
f 501/691/475 538/693/510 537/750/509 500/749/474
f 538/693/510 575/695/545 574/751/544 537/750/509
f 575/695/545 612/697/580 611/752/579 574/751/544
f 612/697/580 649/699/615 648/753/614 611/752/579
f 649/699/615 686/701/26 685/754/24 648/753/614
f 686/701/26 723/703/61 722/755/59 685/754/24
f 723/703/61 760/705/96 759/756/94 722/755/59
f 760/705/96 797/707/131 796/757/129 759/756/94
f 797/707/131 834/709/166 833/758/164 796/757/129
f 834/709/166 871/711/201 870/759/199 833/758/164
f 871/711/201 908/713/236 907/760/234 870/759/199
f 908/713/236 945/715/271 944/761/269 907/760/234
f 945/715/271 982/717/306 981/762/304 944/761/269
f 982/717/306 1019/719/341 1018/763/339 981/762/304
f 1019/719/341 1056/721/376 1055/764/374 1018/763/339
f 1056/721/376 1093/723/411 1092/765/409 1055/764/374
f 1093/723/411 1130/725/446 1129/766/444 1092/765/409
f 1130/725/446 1167/727/481 1166/767/479 1129/766/444
f 1167/727/481 1204/729/516 1203/768/514 1166/767/479
f 1204/729/516 1241/731/551 1240/769/549 1203/768/514
f 1241/731/551 1278/733/586 1277/770/584 1240/769/549
f 1278/733/586 1315/735/621 1314/771/619 1277/770/584
f 1315/735/621 20/667/20 19/737/19 1314/771/619
f 19/737/19 56/736/54 38/629/38 1/628/1
f 56/736/54 93/738/89 75/630/73 38/629/38
f 93/738/89 130/739/124 112/631/108 75/630/73
f 130/739/124 167/740/159 149/632/143 112/631/108
f 167/740/159 204/741/194 186/633/178 149/632/143
f 204/741/194 241/742/229 223/634/213 186/633/178
f 241/742/229 278/743/264 260/635/248 223/634/213
f 278/743/264 315/744/299 297/636/283 260/635/248
f 315/744/299 352/745/334 334/637/318 297/636/283
f 352/745/334 389/746/369 371/638/353 334/637/318
f 389/746/369 426/747/404 408/639/388 371/638/353
f 426/747/404 463/748/439 445/640/423 408/639/388
f 463/748/439 500/749/474 482/641/458 445/640/423
f 500/749/474 537/750/509 519/642/493 482/641/458
f 537/750/509 574/751/544 556/643/528 519/642/493
f 574/751/544 611/752/579 593/644/563 556/643/528
f 611/752/579 648/753/614 630/645/598 593/644/563
f 648/753/614 685/754/24 667/646/633 630/645/598
f 685/754/24 722/755/59 704/647/656 667/646/633
f 722/755/59 759/756/94 741/648/679 704/647/656
f 759/756/94 796/757/129 778/649/704 741/648/679
f 796/757/129 833/758/164 815/650/727 778/649/704
f 833/758/164 870/759/199 852/651/750 815/650/727
f 870/759/199 907/760/234 889/652/773 852/651/750
f 907/760/234 944/761/269 926/653/796 889/652/773
f 944/761/269 981/762/304 963/654/821 926/653/796
f 981/762/304 1018/763/339 1000/655/844 963/654/821
f 1018/763/339 1055/764/374 1037/656/867 1000/655/844
f 1055/764/374 1092/765/409 1074/657/890 1037/656/867
f 1092/765/409 1129/766/444 1111/658/913 1074/657/890
f 1129/766/444 1166/767/479 1148/659/936 1111/658/913
f 1166/767/479 1203/768/514 1185/660/959 1148/659/936
f 1203/768/514 1240/769/549 1222/661/982 1185/660/959
f 1240/769/549 1277/770/584 1259/662/1005 1222/661/982
f 1277/770/584 1314/771/619 1296/663/1028 1259/662/1005
f 1314/771/619 19/737/19 1/628/1 1296/663/1028
f 24/916/24 26/917/26 63/918/61 61/919/59
f 61/919/59 63/918/61 100/920/96 98/921/94
f 98/921/94 100/920/96 137/922/131 135/923/129
f 135/923/129 137/922/131 174/924/166 172/925/164
f 172/925/164 174/924/166 211/926/201 209/927/199
f 209/927/199 211/926/201 248/928/236 246/929/234
f 246/929/234 248/928/236 285/930/271 283/931/269
f 283/931/269 285/930/271 322/932/306 320/933/304
f 320/933/304 322/932/306 359/934/341 357/935/339
f 357/935/339 359/934/341 396/936/376 394/937/374
f 394/937/374 396/936/376 433/938/411 431/939/409
f 431/939/409 433/938/411 470/940/446 468/941/444
f 468/941/444 470/940/446 507/942/481 505/943/479
f 505/943/479 507/942/481 544/944/516 542/945/514
f 542/945/514 544/944/516 581/946/551 579/947/549
f 579/947/549 581/946/551 618/948/586 616/949/584
f 616/949/584 618/948/586 655/950/621 653/951/619
f 653/951/619 655/950/621 692/952/20 690/953/19
f 690/953/19 692/952/20 729/954/55 727/955/54
f 727/955/54 729/954/55 766/956/90 764/957/89
f 764/957/89 766/956/90 803/958/125 801/959/124
f 801/959/124 803/958/125 840/960/160 838/961/159
f 838/961/159 840/960/160 877/962/195 875/963/194
f 875/963/194 877/962/195 914/964/230 912/965/229
f 912/965/229 914/964/230 951/966/265 949/967/264
f 949/967/264 951/966/265 988/968/300 986/969/299
f 986/969/299 988/968/300 1025/970/335 1023/971/334
f 1023/971/334 1025/970/335 1062/972/370 1060/973/369
f 1060/973/369 1062/972/370 1099/974/405 1097/975/404
f 1097/975/404 1099/974/405 1136/976/440 1134/977/439
f 1134/977/439 1136/976/440 1173/978/475 1171/979/474
f 1171/979/474 1173/978/475 1210/980/510 1208/981/509
f 1208/981/509 1210/980/510 1247/982/545 1245/983/544
f 1245/983/544 1247/982/545 1284/984/580 1282/985/579
f 1282/985/579 1284/984/580 1321/986/615 1319/987/614
f 1319/987/614 1321/986/615 26/917/26 24/916/24
f 26/917/26 25/988/25 62/989/60 63/918/61
f 63/918/61 62/989/60 99/990/95 100/920/96
f 100/920/96 99/990/95 136/991/130 137/922/131
f 137/922/131 136/991/130 173/992/165 174/924/166
f 174/924/166 173/992/165 210/993/200 211/926/201
f 211/926/201 210/993/200 247/994/235 248/928/236
f 248/928/236 247/994/235 284/995/270 285/930/271
f 285/930/271 284/995/270 321/996/305 322/932/306
f 322/932/306 321/996/305 358/997/340 359/934/341
f 359/934/341 358/997/340 395/998/375 396/936/376
f 396/936/376 395/998/375 432/999/410 433/938/411
f 433/938/411 432/999/410 469/1000/445 470/940/446
f 470/940/446 469/1000/445 506/1001/480 507/942/481
f 507/942/481 506/1001/480 543/1002/515 544/944/516
f 544/944/516 543/1002/515 580/1003/550 581/946/551
f 581/946/551 580/1003/550 617/1004/585 618/948/586
f 618/948/586 617/1004/585 654/1005/620 655/950/621
f 655/950/621 654/1005/620 691/1006/18 692/952/20
f 692/952/20 691/1006/18 728/1007/53 729/954/55
f 729/954/55 728/1007/53 765/1008/88 766/956/90
f 766/956/90 765/1008/88 802/1009/123 803/958/125
f 803/958/125 802/1009/123 839/1010/158 840/960/160
f 840/960/160 839/1010/158 876/1011/193 877/962/195
f 877/962/195 876/1011/193 913/1012/228 914/964/230
f 914/964/230 913/1012/228 950/1013/263 951/966/265
f 951/966/265 950/1013/263 987/1014/298 988/968/300
f 988/968/300 987/1014/298 1024/1015/333 1025/970/335
f 1025/970/335 1024/1015/333 1061/1016/368 1062/972/370
f 1062/972/370 1061/1016/368 1098/1017/403 1099/974/405
f 1099/974/405 1098/1017/403 1135/1018/438 1136/976/440
f 1136/976/440 1135/1018/438 1172/1019/473 1173/978/475
f 1173/978/475 1172/1019/473 1209/1020/508 1210/980/510
f 1210/980/510 1209/1020/508 1246/1021/543 1247/982/545
f 1247/982/545 1246/1021/543 1283/1022/578 1284/984/580
f 1284/984/580 1283/1022/578 1320/1023/613 1321/986/615
f 1321/986/615 1320/1023/613 25/988/25 26/917/26
f 27/1060/27 29/1061/29 66/1062/64 64/1063/62
f 64/1063/62 66/1062/64 103/1064/99 101/1065/97
f 101/1065/97 103/1064/99 140/1066/134 138/1067/132
f 138/1067/132 140/1066/134 177/1068/169 175/1069/167
f 175/1069/167 177/1068/169 214/1070/204 212/1071/202
f 212/1071/202 214/1070/204 251/1072/239 249/1073/237
f 249/1073/237 251/1072/239 288/1074/274 286/1075/272
f 286/1075/272 288/1074/274 325/1076/309 323/1077/307
f 323/1077/307 325/1076/309 362/1078/344 360/1079/342
f 360/1079/342 362/1078/344 399/1080/379 397/1081/377
f 397/1081/377 399/1080/379 436/1082/414 434/1083/412
f 434/1083/412 436/1082/414 473/1084/449 471/1085/447
f 471/1085/447 473/1084/449 510/1086/484 508/1087/482
f 508/1087/482 510/1086/484 547/1088/519 545/1089/517
f 545/1089/517 547/1088/519 584/1090/554 582/1091/552
f 582/1091/552 584/1090/554 621/1092/589 619/1093/587
f 619/1093/587 621/1092/589 658/1094/624 656/1095/622
f 656/1095/622 658/1094/624 695/1096/23 693/1097/22
f 693/1097/22 695/1096/23 732/1098/58 730/1099/57
f 730/1099/57 732/1098/58 769/1100/695 767/1101/92
f 767/1101/92 769/1100/695 806/1102/128 804/1103/127
f 804/1103/127 806/1102/128 843/1104/163 841/1105/162
f 841/1105/162 843/1104/163 880/1106/198 878/1107/197
f 878/1107/197 880/1106/198 917/1108/233 915/1109/232
f 915/1109/232 917/1108/233 954/1110/812 952/1111/267
f 952/1111/267 954/1110/812 991/1112/303 989/1113/302
f 989/1113/302 991/1112/303 1028/1114/338 1026/1115/337
f 1026/1115/337 1028/1114/338 1065/1116/373 1063/1117/372
f 1063/1117/372 1065/1116/373 1102/1118/408 1100/1119/407
f 1100/1119/407 1102/1118/408 1139/1120/443 1137/1121/442
f 1137/1121/442 1139/1120/443 1176/1122/478 1174/1123/477
f 1174/1123/477 1176/1122/478 1213/1124/513 1211/1125/512
f 1211/1125/512 1213/1124/513 1250/1126/548 1248/1127/547
f 1248/1127/547 1250/1126/548 1287/1128/583 1285/1129/582
f 1285/1129/582 1287/1128/583 1324/1130/618 1322/1131/617
f 1322/1131/617 1324/1130/618 29/1061/29 27/1060/27
f 29/1061/29 28/1132/28 65/1133/63 66/1062/64
f 66/1062/64 65/1133/63 102/1134/98 103/1064/99
f 103/1064/99 102/1134/98 139/1135/133 140/1066/134
f 140/1066/134 139/1135/133 176/1136/168 177/1068/169
f 177/1068/169 176/1136/168 213/1137/203 214/1070/204
f 214/1070/204 213/1137/203 250/1138/238 251/1072/239
f 251/1072/239 250/1138/238 287/1139/273 288/1074/274
f 288/1074/274 287/1139/273 324/1140/308 325/1076/309
f 325/1076/309 324/1140/308 361/1141/343 362/1078/344
f 362/1078/344 361/1141/343 398/1142/378 399/1080/379
f 399/1080/379 398/1142/378 435/1143/413 436/1082/414
f 436/1082/414 435/1143/413 472/1144/448 473/1084/449
f 473/1084/449 472/1144/448 509/1145/483 510/1086/484
f 510/1086/484 509/1145/483 546/1146/518 547/1088/519
f 547/1088/519 546/1146/518 583/1147/553 584/1090/554
f 584/1090/554 583/1147/553 620/1148/588 621/1092/589
f 621/1092/589 620/1148/588 657/1149/623 658/1094/624
f 658/1094/624 657/1149/623 694/1150/21 695/1096/23
f 695/1096/23 694/1150/21 731/1151/56 732/1098/58
f 732/1098/58 731/1151/56 768/1152/91 769/1100/695
f 769/1100/695 768/1152/91 805/1153/126 806/1102/128
f 806/1102/128 805/1153/126 842/1154/161 843/1104/163
f 843/1104/163 842/1154/161 879/1155/196 880/1106/198
f 880/1106/198 879/1155/196 916/1156/231 917/1108/233
f 917/1108/233 916/1156/231 953/1157/266 954/1110/812
f 954/1110/812 953/1157/266 990/1158/301 991/1112/303
f 991/1112/303 990/1158/301 1027/1159/336 1028/1114/338
f 1028/1114/338 1027/1159/336 1064/1160/371 1065/1116/373
f 1065/1116/373 1064/1160/371 1101/1161/406 1102/1118/408
f 1102/1118/408 1101/1161/406 1138/1162/441 1139/1120/443
f 1139/1120/443 1138/1162/441 1175/1163/476 1176/1122/478
f 1176/1122/478 1175/1163/476 1212/1164/511 1213/1124/513
f 1213/1124/513 1212/1164/511 1249/1165/546 1250/1126/548
f 1250/1126/548 1249/1165/546 1286/1166/581 1287/1128/583
f 1287/1128/583 1286/1166/581 1323/1167/616 1324/1130/618
f 1324/1130/618 1323/1167/616 28/1132/28 29/1061/29
f 27/1060/27 64/1063/62 55/665/53 18/664/18
f 64/1063/62 101/1065/97 92/668/88 55/665/53
f 101/1065/97 138/1067/132 129/670/123 92/668/88
f 138/1067/132 175/1069/167 166/672/158 129/670/123
f 175/1069/167 212/1071/202 203/674/193 166/672/158
f 212/1071/202 249/1073/237 240/676/228 203/674/193
f 249/1073/237 286/1075/272 277/678/263 240/676/228
f 286/1075/272 323/1077/307 314/680/298 277/678/263
f 323/1077/307 360/1079/342 351/682/333 314/680/298
f 360/1079/342 397/1081/377 388/684/368 351/682/333
f 397/1081/377 434/1083/412 425/686/403 388/684/368
f 434/1083/412 471/1085/447 462/688/438 425/686/403
f 471/1085/447 508/1087/482 499/690/473 462/688/438
f 508/1087/482 545/1089/517 536/692/508 499/690/473
f 545/1089/517 582/1091/552 573/694/543 536/692/508
f 582/1091/552 619/1093/587 610/696/578 573/694/543
f 619/1093/587 656/1095/622 647/698/613 610/696/578
f 656/1095/622 693/1097/22 684/700/25 647/698/613
f 693/1097/22 730/1099/57 721/702/60 684/700/25
f 730/1099/57 767/1101/92 758/704/95 721/702/60
f 767/1101/92 804/1103/127 795/706/130 758/704/95
f 804/1103/127 841/1105/162 832/708/165 795/706/130
f 841/1105/162 878/1107/197 869/710/200 832/708/165
f 878/1107/197 915/1109/232 906/712/235 869/710/200
f 915/1109/232 952/1111/267 943/714/270 906/712/235
f 952/1111/267 989/1113/302 980/716/305 943/714/270
f 989/1113/302 1026/1115/337 1017/718/340 980/716/305
f 1026/1115/337 1063/1117/372 1054/720/375 1017/718/340
f 1063/1117/372 1100/1119/407 1091/722/410 1054/720/375
f 1100/1119/407 1137/1121/442 1128/724/445 1091/722/410
f 1137/1121/442 1174/1123/477 1165/726/480 1128/724/445
f 1174/1123/477 1211/1125/512 1202/728/515 1165/726/480
f 1211/1125/512 1248/1127/547 1239/730/550 1202/728/515
f 1248/1127/547 1285/1129/582 1276/732/585 1239/730/550
f 1285/1129/582 1322/1131/617 1313/734/620 1276/732/585
f 1322/1131/617 27/1060/27 18/664/18 1313/734/620
f 28/1132/28 24/916/24 61/919/59 65/1133/63
f 65/1133/63 61/919/59 98/921/94 102/1134/98
f 102/1134/98 98/921/94 135/923/129 139/1135/133
f 139/1135/133 135/923/129 172/925/164 176/1136/168
f 176/1136/168 172/925/164 209/927/199 213/1137/203
f 213/1137/203 209/927/199 246/929/234 250/1138/238
f 250/1138/238 246/929/234 283/931/269 287/1139/273
f 287/1139/273 283/931/269 320/933/304 324/1140/308
f 324/1140/308 320/933/304 357/935/339 361/1141/343
f 361/1141/343 357/935/339 394/937/374 398/1142/378
f 398/1142/378 394/937/374 431/939/409 435/1143/413
f 435/1143/413 431/939/409 468/941/444 472/1144/448
f 472/1144/448 468/941/444 505/943/479 509/1145/483
f 509/1145/483 505/943/479 542/945/514 546/1146/518
f 546/1146/518 542/945/514 579/947/549 583/1147/553
f 583/1147/553 579/947/549 616/949/584 620/1148/588
f 620/1148/588 616/949/584 653/951/619 657/1149/623
f 657/1149/623 653/951/619 690/953/19 694/1150/21
f 694/1150/21 690/953/19 727/955/54 731/1151/56
f 731/1151/56 727/955/54 764/957/89 768/1152/91
f 768/1152/91 764/957/89 801/959/124 805/1153/126
f 805/1153/126 801/959/124 838/961/159 842/1154/161
f 842/1154/161 838/961/159 875/963/194 879/1155/196
f 879/1155/196 875/963/194 912/965/229 916/1156/231
f 916/1156/231 912/965/229 949/967/264 953/1157/266
f 953/1157/266 949/967/264 986/969/299 990/1158/301
f 990/1158/301 986/969/299 1023/971/334 1027/1159/336
f 1027/1159/336 1023/971/334 1060/973/369 1064/1160/371
f 1064/1160/371 1060/973/369 1097/975/404 1101/1161/406
f 1101/1161/406 1097/975/404 1134/977/439 1138/1162/441
f 1138/1162/441 1134/977/439 1171/979/474 1175/1163/476
f 1175/1163/476 1171/979/474 1208/981/509 1212/1164/511
f 1212/1164/511 1208/981/509 1245/983/544 1249/1165/546
f 1249/1165/546 1245/983/544 1282/985/579 1286/1166/581
f 1286/1166/581 1282/985/579 1319/987/614 1323/1167/616
f 1323/1167/616 1319/987/614 24/916/24 28/1132/28
f 30/1168/30 67/1169/65 69/1170/67 32/1171/32
f 67/1169/65 104/1172/100 106/1173/102 69/1170/67
f 104/1172/100 141/1174/135 143/1175/137 106/1173/102
f 141/1174/135 178/1176/170 180/1177/172 143/1175/137
f 178/1176/170 215/1178/205 217/1179/207 180/1177/172
f 215/1178/205 252/1180/240 254/1181/242 217/1179/207
f 252/1180/240 289/1182/275 291/1183/277 254/1181/242
f 289/1182/275 326/1184/310 328/1185/312 291/1183/277
f 326/1184/310 363/1186/345 365/1187/347 328/1185/312
f 363/1186/345 400/1188/380 402/1189/382 365/1187/347
f 400/1188/380 437/1190/415 439/1191/417 402/1189/382
f 437/1190/415 474/1192/450 476/1193/452 439/1191/417
f 474/1192/450 511/1194/485 513/1195/487 476/1193/452
f 511/1194/485 548/1196/520 550/1197/522 513/1195/487
f 548/1196/520 585/1198/555 587/1199/557 550/1197/522
f 585/1198/555 622/1200/590 624/1201/592 587/1199/557
f 622/1200/590 659/1202/625 661/1203/627 624/1201/592
f 659/1202/625 696/1204/648 698/1205/650 661/1203/627
f 696/1204/648 733/1206/671 735/1207/673 698/1205/650
f 733/1206/671 770/1208/696 772/1209/698 735/1207/673
f 770/1208/696 807/1210/719 809/1211/721 772/1209/698
f 807/1210/719 844/1212/742 846/1213/744 809/1211/721
f 844/1212/742 881/1214/765 883/1215/767 846/1213/744
f 881/1214/765 918/1216/788 920/1217/790 883/1215/767
f 918/1216/788 955/1218/813 957/1219/815 920/1217/790
f 955/1218/813 992/1220/836 994/1221/838 957/1219/815
f 992/1220/836 1029/1222/859 1031/1223/861 994/1221/838
f 1029/1224/859 1066/1225/882 1068/1226/884 1031/1227/861
f 1066/1225/882 1103/1228/905 1105/1229/907 1068/1226/884
f 1103/1228/905 1140/1230/928 1142/1231/930 1105/1229/907
f 1140/1230/928 1177/1232/951 1179/1233/953 1142/1231/930
f 1177/1232/951 1214/1234/974 1216/1235/976 1179/1233/953
f 1214/1234/974 1251/1236/997 1253/1237/999 1216/1235/976
f 1251/1236/997 1288/1238/1020 1290/1239/1022 1253/1237/999
f 1288/1238/1020 1325/1240/1043 1327/1241/1045 1290/1239/1022
f 1325/1240/1043 30/1168/30 32/1171/32 1327/1241/1045
f 32/1171/32 69/1170/67 68/1242/66 31/1243/31
f 69/1170/67 106/1173/102 105/1244/101 68/1242/66
f 106/1173/102 143/1175/137 142/1245/136 105/1244/101
f 143/1175/137 180/1177/172 179/1246/171 142/1245/136
f 180/1177/172 217/1179/207 216/1247/206 179/1246/171
f 217/1179/207 254/1181/242 253/1248/241 216/1247/206
f 254/1181/242 291/1183/277 290/1249/276 253/1248/241
f 291/1183/277 328/1185/312 327/1250/311 290/1249/276
f 328/1185/312 365/1187/347 364/1251/346 327/1250/311
f 365/1187/347 402/1189/382 401/1252/381 364/1251/346
f 402/1189/382 439/1191/417 438/1253/416 401/1252/381
f 439/1191/417 476/1193/452 475/1254/451 438/1253/416
f 476/1193/452 513/1195/487 512/1255/486 475/1254/451
f 513/1195/487 550/1197/522 549/1256/521 512/1255/486
f 550/1197/522 587/1199/557 586/1257/556 549/1256/521
f 587/1199/557 624/1201/592 623/1258/591 586/1257/556
f 624/1201/592 661/1203/627 660/1259/626 623/1258/591
f 661/1203/627 698/1205/650 697/1260/649 660/1259/626
f 698/1205/650 735/1207/673 734/1261/672 697/1260/649
f 735/1207/673 772/1209/698 771/1262/697 734/1261/672
f 772/1209/698 809/1211/721 808/1263/720 771/1262/697
f 809/1211/721 846/1213/744 845/1264/743 808/1263/720
f 846/1213/744 883/1215/767 882/1265/766 845/1264/743
f 883/1215/767 920/1217/790 919/1266/789 882/1265/766
f 920/1217/790 957/1219/815 956/1267/814 919/1266/789
f 957/1219/815 994/1221/838 993/1268/837 956/1267/814
f 994/1221/838 1031/1223/861 1030/1269/860 993/1268/837
f 1031/1227/861 1068/1226/884 1067/1270/883 1030/1271/860
f 1068/1226/884 1105/1229/907 1104/1272/906 1067/1270/883
f 1105/1229/907 1142/1231/930 1141/1273/929 1104/1272/906
f 1142/1231/930 1179/1233/953 1178/1274/952 1141/1273/929
f 1179/1233/953 1216/1235/976 1215/1275/975 1178/1274/952
f 1216/1235/976 1253/1237/999 1252/1276/998 1215/1275/975
f 1253/1237/999 1290/1239/1022 1289/1277/1021 1252/1276/998
f 1290/1239/1022 1327/1241/1045 1326/1278/1044 1289/1277/1021
f 1327/1241/1045 32/1171/32 31/1243/31 1326/1278/1044
f 30/1168/30 15/554/15 52/557/50 67/1169/65
f 67/1169/65 52/557/50 89/559/85 104/1172/100
f 104/1172/100 89/559/85 126/561/120 141/1174/135
f 141/1174/135 126/561/120 163/563/155 178/1176/170
f 178/1176/170 163/563/155 200/565/190 215/1178/205
f 215/1178/205 200/565/190 237/567/225 252/1180/240
f 252/1180/240 237/567/225 274/569/260 289/1182/275
f 289/1182/275 274/569/260 311/571/295 326/1184/310
f 326/1184/310 311/571/295 348/573/330 363/1186/345
f 363/1186/345 348/573/330 385/575/365 400/1188/380
f 400/1188/380 385/575/365 422/577/400 437/1190/415
f 437/1190/415 422/577/400 459/579/435 474/1192/450
f 474/1192/450 459/579/435 496/581/470 511/1194/485
f 511/1194/485 496/581/470 533/583/505 548/1196/520
f 548/1196/520 533/583/505 570/585/540 585/1198/555
f 585/1198/555 570/585/540 607/587/575 622/1200/590
f 622/1200/590 607/587/575 644/589/610 659/1202/625
f 659/1202/625 644/589/610 681/591/645 696/1204/648
f 696/1204/648 681/591/645 718/593/668 733/1206/671
f 733/1206/671 718/593/668 755/595/691 770/1208/696
f 770/1208/696 755/595/691 792/597/716 807/1210/719
f 807/1210/719 792/597/716 829/599/739 844/1212/742
f 844/1212/742 829/599/739 866/601/762 881/1214/765
f 881/1214/765 866/601/762 903/603/785 918/1216/788
f 918/1216/788 903/603/785 940/605/808 955/1218/813
f 955/1218/813 940/605/808 977/607/833 992/1220/836
f 992/1220/836 977/607/833 1014/609/856 1029/1222/859
f 1029/1224/859 1014/610/856 1051/613/879 1066/1225/882
f 1066/1225/882 1051/613/879 1088/615/902 1103/1228/905
f 1103/1228/905 1088/615/902 1125/617/925 1140/1230/928
f 1140/1230/928 1125/617/925 1162/619/948 1177/1232/951
f 1177/1232/951 1162/619/948 1199/621/971 1214/1234/974
f 1214/1234/974 1199/621/971 1236/623/994 1251/1236/997
f 1251/1236/997 1236/623/994 1273/625/1017 1288/1238/1020
f 1288/1238/1020 1273/625/1017 1310/627/1040 1325/1240/1043
f 1325/1240/1043 1310/627/1040 15/554/15 30/1168/30
f 33/1279/33 35/1280/35 72/1281/70 70/1282/68
f 70/1282/68 72/1281/70 109/1283/105 107/1284/103
f 107/1284/103 109/1283/105 146/1285/140 144/1286/138
f 144/1286/138 146/1285/140 183/1287/175 181/1288/173
f 181/1288/173 183/1287/175 220/1289/210 218/1290/208
f 218/1290/208 220/1289/210 257/1291/245 255/1292/243
f 255/1292/243 257/1291/245 294/1293/280 292/1294/278
f 292/1294/278 294/1293/280 331/1295/315 329/1296/313
f 329/1296/313 331/1295/315 368/1297/350 366/1298/348
f 366/1298/348 368/1297/350 405/1299/385 403/1300/383
f 403/1300/383 405/1299/385 442/1301/420 440/1302/418
f 440/1302/418 442/1301/420 479/1303/455 477/1304/453
f 477/1304/453 479/1303/455 516/1305/490 514/1306/488
f 514/1306/488 516/1305/490 553/1307/525 551/1308/523
f 551/1308/523 553/1307/525 590/1309/560 588/1310/558
f 588/1310/558 590/1309/560 627/1311/595 625/1312/593
f 625/1312/593 627/1311/595 664/1313/630 662/1314/628
f 662/1314/628 664/1313/630 701/1315/653 699/1316/651
f 699/1316/651 701/1315/653 738/1317/676 736/1318/674
f 736/1318/674 738/1317/676 775/1319/701 773/1320/699
f 773/1320/699 775/1319/701 812/1321/724 810/1322/722
f 810/1322/722 812/1321/724 849/1323/747 847/1324/745
f 847/1324/745 849/1323/747 886/1325/770 884/1326/768
f 884/1326/768 886/1325/770 923/1327/793 921/1328/791
f 921/1328/791 923/1327/793 960/1329/818 958/1330/816
f 958/1330/816 960/1329/818 997/1331/841 995/1332/839
f 995/1332/839 997/1331/841 1034/1333/864 1032/1334/862
f 1032/1335/862 1034/1336/864 1071/1337/887 1069/1338/885
f 1069/1338/885 1071/1337/887 1108/1339/910 1106/1340/908
f 1106/1340/908 1108/1339/910 1145/1341/933 1143/1342/931
f 1143/1342/931 1145/1341/933 1182/1343/956 1180/1344/954
f 1180/1344/954 1182/1343/956 1219/1345/979 1217/1346/977
f 1217/1346/977 1219/1345/979 1256/1347/1002 1254/1348/1000
f 1254/1348/1000 1256/1347/1002 1293/1349/1025 1291/1350/1023
f 1291/1350/1023 1293/1349/1025 1330/1351/1048 1328/1352/1046
f 1328/1352/1046 1330/1351/1048 35/1280/35 33/1279/33
f 35/1280/35 34/1353/34 71/1354/69 72/1281/70
f 72/1281/70 71/1354/69 108/1355/104 109/1283/105
f 109/1283/105 108/1355/104 145/1356/139 146/1285/140
f 146/1285/140 145/1356/139 182/1357/174 183/1287/175
f 183/1287/175 182/1357/174 219/1358/209 220/1289/210
f 220/1289/210 219/1358/209 256/1359/244 257/1291/245
f 257/1291/245 256/1359/244 293/1360/279 294/1293/280
f 294/1293/280 293/1360/279 330/1361/314 331/1295/315
f 331/1295/315 330/1361/314 367/1362/349 368/1297/350
f 368/1297/350 367/1362/349 404/1363/384 405/1299/385
f 405/1299/385 404/1363/384 441/1364/419 442/1301/420
f 442/1301/420 441/1364/419 478/1365/454 479/1303/455
f 479/1303/455 478/1365/454 515/1366/489 516/1305/490
f 516/1305/490 515/1366/489 552/1367/524 553/1307/525
f 553/1307/525 552/1367/524 589/1368/559 590/1309/560
f 590/1309/560 589/1368/559 626/1369/594 627/1311/595
f 627/1311/595 626/1369/594 663/1370/629 664/1313/630
f 664/1313/630 663/1370/629 700/1371/652 701/1315/653
f 701/1315/653 700/1371/652 737/1372/675 738/1317/676
f 738/1317/676 737/1372/675 774/1373/700 775/1319/701
f 775/1319/701 774/1373/700 811/1374/723 812/1321/724
f 812/1321/724 811/1374/723 848/1375/746 849/1323/747
f 849/1323/747 848/1375/746 885/1376/769 886/1325/770
f 886/1325/770 885/1376/769 922/1377/792 923/1327/793
f 923/1327/793 922/1377/792 959/1378/817 960/1329/818
f 960/1329/818 959/1378/817 996/1379/840 997/1331/841
f 997/1331/841 996/1379/840 1033/1380/863 1034/1333/864
f 1034/1336/864 1033/1381/863 1070/1382/886 1071/1337/887
f 1071/1337/887 1070/1382/886 1107/1383/909 1108/1339/910
f 1108/1339/910 1107/1383/909 1144/1384/932 1145/1341/933
f 1145/1341/933 1144/1384/932 1181/1385/955 1182/1343/956
f 1182/1343/956 1181/1385/955 1218/1386/978 1219/1345/979
f 1219/1345/979 1218/1386/978 1255/1387/1001 1256/1347/1002
f 1256/1347/1002 1255/1387/1001 1292/1388/1024 1293/1349/1025
f 1293/1349/1025 1292/1388/1024 1329/1389/1047 1330/1351/1048
f 1330/1351/1048 1329/1389/1047 34/1353/34 35/1280/35
f 33/1279/33 70/1282/68 50/224/48 13/223/13
f 70/1282/68 107/1284/103 87/227/83 50/224/48
f 107/1284/103 144/1286/138 124/229/118 87/227/83
f 144/1286/138 181/1288/173 161/231/153 124/229/118
f 181/1288/173 218/1290/208 198/233/188 161/231/153
f 218/1290/208 255/1292/243 235/235/223 198/233/188
f 255/1292/243 292/1294/278 272/237/258 235/235/223
f 292/1294/278 329/1296/313 309/239/293 272/237/258
f 329/1296/313 366/1298/348 346/241/328 309/239/293
f 366/1298/348 403/1300/383 383/243/363 346/241/328
f 403/1300/383 440/1302/418 420/245/398 383/243/363
f 440/1302/418 477/1304/453 457/247/433 420/245/398
f 477/1304/453 514/1306/488 494/249/468 457/247/433
f 514/1306/488 551/1308/523 531/251/503 494/249/468
f 551/1308/523 588/1310/558 568/253/538 531/251/503
f 588/1310/558 625/1312/593 605/255/573 568/253/538
f 625/1312/593 662/1314/628 642/257/608 605/255/573
f 662/1314/628 699/1316/651 679/259/643 642/257/608
f 699/1316/651 736/1318/674 716/261/666 679/259/643
f 736/1318/674 773/1320/699 753/263/689 716/261/666
f 773/1320/699 810/1322/722 790/265/714 753/263/689
f 810/1322/722 847/1324/745 827/267/737 790/265/714
f 847/1324/745 884/1326/768 864/269/760 827/267/737
f 884/1326/768 921/1328/791 901/271/783 864/269/760
f 921/1328/791 958/1330/816 938/273/806 901/271/783
f 958/1330/816 995/1332/839 975/275/831 938/273/806
f 995/1332/839 1032/1334/862 1012/277/854 975/275/831
f 1032/1335/862 1069/1338/885 1049/280/877 1012/279/854
f 1069/1338/885 1106/1340/908 1086/283/900 1049/280/877
f 1106/1340/908 1143/1342/931 1123/285/923 1086/283/900
f 1143/1342/931 1180/1344/954 1160/287/946 1123/285/923
f 1180/1344/954 1217/1346/977 1197/289/969 1160/287/946
f 1217/1346/977 1254/1348/1000 1234/291/992 1197/289/969
f 1254/1348/1000 1291/1350/1023 1271/293/1015 1234/291/992
f 1291/1350/1023 1328/1352/1046 1308/295/1038 1271/293/1015
f 1328/1352/1046 33/1279/33 13/223/13 1308/295/1038
f 34/1353/34 31/1243/31 68/1242/66 71/1354/69
f 71/1354/69 68/1242/66 105/1244/101 108/1355/104
f 108/1355/104 105/1244/101 142/1245/136 145/1356/139
f 145/1356/139 142/1245/136 179/1246/171 182/1357/174
f 182/1357/174 179/1246/171 216/1247/206 219/1358/209
f 219/1358/209 216/1247/206 253/1248/241 256/1359/244
f 256/1359/244 253/1248/241 290/1249/276 293/1360/279
f 293/1360/279 290/1249/276 327/1250/311 330/1361/314
f 330/1361/314 327/1250/311 364/1251/346 367/1362/349
f 367/1362/349 364/1251/346 401/1252/381 404/1363/384
f 404/1363/384 401/1252/381 438/1253/416 441/1364/419
f 441/1364/419 438/1253/416 475/1254/451 478/1365/454
f 478/1365/454 475/1254/451 512/1255/486 515/1366/489
f 515/1366/489 512/1255/486 549/1256/521 552/1367/524
f 552/1367/524 549/1256/521 586/1257/556 589/1368/559
f 589/1368/559 586/1257/556 623/1258/591 626/1369/594
f 626/1369/594 623/1258/591 660/1259/626 663/1370/629
f 663/1370/629 660/1259/626 697/1260/649 700/1371/652
f 700/1371/652 697/1260/649 734/1261/672 737/1372/675
f 737/1372/675 734/1261/672 771/1262/697 774/1373/700
f 774/1373/700 771/1262/697 808/1263/720 811/1374/723
f 811/1374/723 808/1263/720 845/1264/743 848/1375/746
f 848/1375/746 845/1264/743 882/1265/766 885/1376/769
f 885/1376/769 882/1265/766 919/1266/789 922/1377/792
f 922/1377/792 919/1266/789 956/1267/814 959/1378/817
f 959/1378/817 956/1267/814 993/1268/837 996/1379/840
f 996/1379/840 993/1268/837 1030/1269/860 1033/1380/863
f 1033/1381/863 1030/1271/860 1067/1270/883 1070/1382/886
f 1070/1382/886 1067/1270/883 1104/1272/906 1107/1383/909
f 1107/1383/909 1104/1272/906 1141/1273/929 1144/1384/932
f 1144/1384/932 1141/1273/929 1178/1274/952 1181/1385/955
f 1181/1385/955 1178/1274/952 1215/1275/975 1218/1386/978
f 1218/1386/978 1215/1275/975 1252/1276/998 1255/1387/1001
f 1255/1387/1001 1252/1276/998 1289/1277/1021 1292/1388/1024
f 1292/1388/1024 1289/1277/1021 1326/1278/1044 1329/1389/1047
f 1329/1389/1047 1326/1278/1044 31/1243/31 34/1353/34
f 36/1390/36 73/1391/71 74/1392/72 37/1393/37
f 73/1391/71 110/1394/106 111/1395/107 74/1392/72
f 110/1394/106 147/1396/141 148/1397/142 111/1395/107
f 147/1396/141 184/1398/176 185/1399/177 148/1397/142
f 184/1398/176 221/1400/211 222/1401/212 185/1399/177
f 221/1400/211 258/1402/246 259/1403/247 222/1401/212
f 258/1402/246 295/1404/281 296/1405/282 259/1403/247
f 295/1404/281 332/1406/316 333/1407/317 296/1405/282
f 332/1406/316 369/1408/351 370/1409/352 333/1407/317
f 369/1408/351 406/1410/386 407/1411/387 370/1409/352
f 406/1410/386 443/1412/421 444/1413/422 407/1411/387
f 443/1412/421 480/1414/456 481/1415/457 444/1413/422
f 480/1414/456 517/1416/491 518/1417/492 481/1415/457
f 517/1416/491 554/1418/526 555/1419/527 518/1417/492
f 554/1418/526 591/1420/561 592/1421/562 555/1419/527
f 591/1420/561 628/1422/596 629/1423/597 592/1421/562
f 628/1422/596 665/1424/631 666/1425/632 629/1423/597
f 665/1424/631 702/1426/654 703/1427/655 666/1425/632
f 702/1426/654 739/1428/677 740/1429/678 703/1427/655
f 739/1428/677 776/1430/702 777/1431/703 740/1429/678
f 776/1430/702 813/1432/725 814/1433/726 777/1431/703
f 813/1432/725 850/1434/748 851/1435/749 814/1433/726
f 850/1434/748 887/1436/771 888/1437/772 851/1435/749
f 887/1436/771 924/1438/794 925/1439/795 888/1437/772
f 924/1438/794 961/1440/819 962/1441/820 925/1439/795
f 961/1440/819 998/1442/842 999/1443/843 962/1441/820
f 998/1442/842 1035/1444/865 1036/1445/866 999/1443/843
f 1035/1446/865 1072/1447/888 1073/1448/889 1036/1449/866
f 1072/1447/888 1109/1450/911 1110/1451/912 1073/1448/889
f 1109/1450/911 1146/1452/934 1147/1453/935 1110/1451/912
f 1146/1452/934 1183/1454/957 1184/1455/958 1147/1453/935
f 1183/1454/957 1220/1456/980 1221/1457/981 1184/1455/958
f 1220/1456/980 1257/1458/1003 1258/1459/1004 1221/1457/981
f 1257/1458/1003 1294/1460/1026 1295/1461/1027 1258/1459/1004
f 1294/1460/1026 1331/1462/1049 1332/1463/1050 1295/1461/1027
f 1331/1462/1049 36/1390/36 37/1393/37 1332/1463/1050
f 36/1390/36 12/334/12 49/337/47 73/1391/71
f 73/1391/71 49/337/47 86/339/82 110/1394/106
f 110/1394/106 86/339/82 123/341/117 147/1396/141
f 147/1396/141 123/341/117 160/343/152 184/1398/176
f 184/1398/176 160/343/152 197/345/187 221/1400/211
f 221/1400/211 197/345/187 234/347/222 258/1402/246
f 258/1402/246 234/347/222 271/349/257 295/1404/281
f 295/1404/281 271/349/257 308/351/292 332/1406/316
f 332/1406/316 308/351/292 345/353/327 369/1408/351
f 369/1408/351 345/353/327 382/355/362 406/1410/386
f 406/1410/386 382/355/362 419/357/397 443/1412/421
f 443/1412/421 419/357/397 456/359/432 480/1414/456
f 480/1414/456 456/359/432 493/361/467 517/1416/491
f 517/1416/491 493/361/467 530/363/502 554/1418/526
f 554/1418/526 530/363/502 567/365/537 591/1420/561
f 591/1420/561 567/365/537 604/367/572 628/1422/596
f 628/1422/596 604/367/572 641/369/607 665/1424/631
f 665/1424/631 641/369/607 678/371/642 702/1426/654
f 702/1426/654 678/371/642 715/373/665 739/1428/677
f 739/1428/677 715/373/665 752/375/688 776/1430/702
f 776/1430/702 752/375/688 789/377/713 813/1432/725
f 813/1432/725 789/377/713 826/379/736 850/1434/748
f 850/1434/748 826/379/736 863/381/759 887/1436/771
f 887/1436/771 863/381/759 900/383/782 924/1438/794
f 924/1438/794 900/383/782 937/385/805 961/1440/819
f 961/1440/819 937/385/805 974/387/830 998/1442/842
f 998/1442/842 974/387/830 1011/389/853 1035/1444/865
f 1035/1446/865 1011/390/853 1048/393/876 1072/1447/888
f 1072/1447/888 1048/393/876 1085/395/899 1109/1450/911
f 1109/1450/911 1085/395/899 1122/397/922 1146/1452/934
f 1146/1452/934 1122/397/922 1159/399/945 1183/1454/957
f 1183/1454/957 1159/399/945 1196/401/968 1220/1456/980
f 1220/1456/980 1196/401/968 1233/403/991 1257/1458/1003
f 1257/1458/1003 1233/403/991 1270/405/1014 1294/1460/1026
f 1294/1460/1026 1270/405/1014 1307/407/1037 1331/1462/1049
f 1331/1462/1049 1307/407/1037 12/334/12 36/1390/36
f 37/1393/37 74/1392/72 48/518/46 11/517/11
f 74/1392/72 111/1395/107 85/519/81 48/518/46
f 111/1395/107 148/1397/142 122/520/116 85/519/81
f 148/1397/142 185/1399/177 159/521/151 122/520/116
f 185/1399/177 222/1401/212 196/522/186 159/521/151
f 222/1401/212 259/1403/247 233/523/221 196/522/186
f 259/1403/247 296/1405/282 270/524/256 233/523/221
f 296/1405/282 333/1407/317 307/525/291 270/524/256
f 333/1407/317 370/1409/352 344/526/326 307/525/291
f 370/1409/352 407/1411/387 381/527/361 344/526/326
f 407/1411/387 444/1413/422 418/528/396 381/527/361
f 444/1413/422 481/1415/457 455/529/431 418/528/396
f 481/1415/457 518/1417/492 492/530/466 455/529/431
f 518/1417/492 555/1419/527 529/531/501 492/530/466
f 555/1419/527 592/1421/562 566/532/536 529/531/501
f 592/1421/562 629/1423/597 603/533/571 566/532/536
f 629/1423/597 666/1425/632 640/534/606 603/533/571
f 666/1425/632 703/1427/655 677/535/641 640/534/606
f 703/1427/655 740/1429/678 714/536/664 677/535/641
f 740/1429/678 777/1431/703 751/537/687 714/536/664
f 777/1431/703 814/1433/726 788/538/712 751/537/687
f 814/1433/726 851/1435/749 825/539/735 788/538/712
f 851/1435/749 888/1437/772 862/540/758 825/539/735
f 888/1437/772 925/1439/795 899/541/781 862/540/758
f 925/1439/795 962/1441/820 936/542/804 899/541/781
f 962/1441/820 999/1443/843 973/543/829 936/542/804
f 999/1443/843 1036/1445/866 1010/544/852 973/543/829
f 1036/1449/866 1073/1448/889 1047/546/875 1010/545/852
f 1073/1448/889 1110/1451/912 1084/547/898 1047/546/875
f 1110/1451/912 1147/1453/935 1121/548/921 1084/547/898
f 1147/1453/935 1184/1455/958 1158/549/944 1121/548/921
f 1184/1455/958 1221/1457/981 1195/550/967 1158/549/944
f 1221/1457/981 1258/1459/1004 1232/551/990 1195/550/967
f 1258/1459/1004 1295/1461/1027 1269/552/1013 1232/551/990
f 1295/1461/1027 1332/1463/1050 1306/553/1036 1269/552/1013
f 1332/1463/1050 37/1393/37 11/517/11 1306/553/1036
usemtl Head
f 1344/1464/1061 1345/1465/1062 1364/1466/1081 1363/1467/1080
f 1363/1467/1080 1364/1466/1081 1383/1468/1100 1382/1469/1099
f 1382/1469/1099 1383/1468/1100 1402/1470/1119 1401/1471/1118
f 1401/1471/1118 1402/1470/1119 1421/1472/1138 1420/1473/1137
f 1420/1473/1137 1421/1472/1138 1440/1474/1157 1439/1475/1156
f 1439/1475/1156 1440/1474/1157 1459/1476/1176 1458/1477/1175
f 1458/1477/1175 1459/1476/1176 1478/1478/1195 1477/1479/1194
f 1477/1479/1194 1478/1478/1195 1497/1480/1214 1496/1481/1213
f 1496/1481/1213 1497/1480/1214 1516/1482/1233 1515/1483/1232
f 1515/1483/1232 1516/1482/1233 1535/1484/1252 1534/1485/1251
f 1534/1485/1251 1535/1484/1252 1554/1486/1271 1553/1487/1270
f 1553/1487/1270 1554/1486/1271 1573/1488/1290 1572/1489/1289
f 1572/1489/1289 1573/1488/1290 1592/1490/1309 1591/1491/1308
f 1591/1491/1308 1592/1490/1309 1611/1492/1328 1610/1493/1327
f 1610/1493/1327 1611/1492/1328 1630/1494/1347 1629/1495/1346
f 1629/1495/1346 1630/1494/1347 1649/1496/1366 1648/1497/1365
f 1648/1497/1365 1649/1496/1366 1668/1498/1385 1667/1499/1384
f 1667/1499/1384 1668/1498/1385 1687/1500/1404 1686/1501/1403
f 1686/1501/1403 1687/1500/1404 1706/1502/1423 1705/1503/1422
f 1705/1503/1422 1706/1502/1423 1725/1504/1442 1724/1505/1441
f 1724/1505/1441 1725/1504/1442 1744/1506/1461 1743/1507/1460
f 1743/1507/1460 1744/1506/1461 1763/1508/1480 1762/1509/1479
f 1762/1509/1479 1763/1508/1480 1782/1510/1499 1781/1511/1498
f 1781/1511/1498 1782/1510/1499 1801/1512/1518 1800/1513/1517
f 1800/1513/1517 1801/1512/1518 1820/1514/1537 1819/1515/1536
f 1819/1515/1536 1820/1514/1537 1839/1516/1556 1838/1517/1555
f 1838/1517/1555 1839/1516/1556 1858/1518/1575 1857/1519/1574
f 1857/1520/1574 1858/1521/1575 1877/1522/1594 1876/1523/1593
f 1876/1523/1593 1877/1522/1594 1896/1524/1613 1895/1525/1612
f 1895/1525/1612 1896/1524/1613 1915/1526/1632 1914/1527/1631
f 1914/1527/1631 1915/1526/1632 1934/1528/1651 1933/1529/1650
f 1933/1529/1650 1934/1528/1651 1953/1530/1670 1952/1531/1669
f 1952/1531/1669 1953/1530/1670 1972/1532/1689 1971/1533/1688
f 1971/1533/1688 1972/1532/1689 1991/1534/1708 1990/1535/1707
f 1990/1535/1707 1991/1534/1708 2010/1536/1727 2009/1537/1726
f 2009/1537/1726 2010/1536/1727 1345/1465/1062 1344/1464/1061
f 1345/1465/1062 1346/1538/1063 1365/1539/1082 1364/1466/1081
f 1364/1466/1081 1365/1539/1082 1384/1540/1101 1383/1468/1100
f 1383/1468/1100 1384/1540/1101 1403/1541/1120 1402/1470/1119
f 1402/1470/1119 1403/1541/1120 1422/1542/1139 1421/1472/1138
f 1421/1472/1138 1422/1542/1139 1441/1543/1158 1440/1474/1157
f 1440/1474/1157 1441/1543/1158 1460/1544/1177 1459/1476/1176
f 1459/1476/1176 1460/1544/1177 1479/1545/1196 1478/1478/1195
f 1478/1478/1195 1479/1545/1196 1498/1546/1215 1497/1480/1214
f 1497/1480/1214 1498/1546/1215 1517/1547/1234 1516/1482/1233
f 1516/1482/1233 1517/1547/1234 1536/1548/1253 1535/1484/1252
f 1535/1484/1252 1536/1548/1253 1555/1549/1272 1554/1486/1271
f 1554/1486/1271 1555/1549/1272 1574/1550/1291 1573/1488/1290
f 1573/1488/1290 1574/1550/1291 1593/1551/1310 1592/1490/1309
f 1592/1490/1309 1593/1551/1310 1612/1552/1329 1611/1492/1328
f 1611/1492/1328 1612/1552/1329 1631/1553/1348 1630/1494/1347
f 1630/1494/1347 1631/1553/1348 1650/1554/1367 1649/1496/1366
f 1649/1496/1366 1650/1554/1367 1669/1555/1386 1668/1498/1385
f 1668/1498/1385 1669/1555/1386 1688/1556/1405 1687/1500/1404
f 1687/1500/1404 1688/1556/1405 1707/1557/1424 1706/1502/1423
f 1706/1502/1423 1707/1557/1424 1726/1558/1443 1725/1504/1442
f 1725/1504/1442 1726/1558/1443 1745/1559/1462 1744/1506/1461
f 1744/1506/1461 1745/1559/1462 1764/1560/1481 1763/1508/1480
f 1763/1508/1480 1764/1560/1481 1783/1561/1500 1782/1510/1499
f 1782/1510/1499 1783/1561/1500 1802/1562/1519 1801/1512/1518
f 1801/1512/1518 1802/1562/1519 1821/1563/1538 1820/1514/1537
f 1820/1514/1537 1821/1563/1538 1840/1564/1557 1839/1516/1556
f 1839/1516/1556 1840/1564/1557 1859/1565/1576 1858/1518/1575
f 1858/1521/1575 1859/1566/1576 1878/1567/1595 1877/1522/1594
f 1877/1522/1594 1878/1567/1595 1897/1568/1614 1896/1524/1613
f 1896/1524/1613 1897/1568/1614 1916/1569/1633 1915/1526/1632
f 1915/1526/1632 1916/1569/1633 1935/1570/1652 1934/1528/1651
f 1934/1528/1651 1935/1570/1652 1954/1571/1671 1953/1530/1670
f 1953/1530/1670 1954/1571/1671 1973/1572/1690 1972/1532/1689
f 1972/1532/1689 1973/1572/1690 1992/1573/1709 1991/1534/1708
f 1991/1534/1708 1992/1573/1709 2011/1574/1728 2010/1536/1727
f 2010/1536/1727 2011/1574/1728 1346/1538/1063 1345/1465/1062
f 1337/1575/1054 1356/1576/1073 1371/1577/1088 1352/1578/1069
f 1356/1576/1073 1375/1579/1092 1390/1580/1107 1371/1577/1088
f 1375/1579/1092 1394/1581/1111 1409/1582/1126 1390/1580/1107
f 1394/1581/1111 1413/1583/1130 1428/1584/1145 1409/1582/1126
f 1413/1583/1130 1432/1585/1149 1447/1586/1164 1428/1584/1145
f 1432/1585/1149 1451/1587/1168 1466/1588/1183 1447/1586/1164
f 1451/1587/1168 1470/1589/1187 1485/1590/1202 1466/1588/1183
f 1470/1589/1187 1489/1591/1206 1504/1592/1221 1485/1590/1202
f 1489/1591/1206 1508/1593/1225 1523/1594/1240 1504/1592/1221
f 1508/1593/1225 1527/1595/1244 1542/1596/1259 1523/1594/1240
f 1527/1595/1244 1546/1597/1263 1561/1598/1278 1542/1596/1259
f 1546/1597/1263 1565/1599/1282 1580/1600/1297 1561/1598/1278
f 1565/1599/1282 1584/1601/1301 1599/1602/1316 1580/1600/1297
f 1584/1601/1301 1603/1603/1320 1618/1604/1335 1599/1602/1316
f 1603/1603/1320 1622/1605/1339 1637/1606/1354 1618/1604/1335
f 1622/1605/1339 1641/1607/1358 1656/1608/1373 1637/1606/1354
f 1641/1607/1358 1660/1609/1377 1675/1610/1392 1656/1608/1373
f 1660/1609/1377 1679/1611/1396 1694/1612/1411 1675/1610/1392
f 1679/1611/1396 1698/1613/1415 1713/1614/1430 1694/1612/1411
f 1698/1613/1415 1717/1615/1434 1732/1616/1449 1713/1614/1430
f 1717/1615/1434 1736/1617/1453 1751/1618/1468 1732/1616/1449
f 1736/1617/1453 1755/1619/1472 1770/1620/1487 1751/1618/1468
f 1755/1619/1472 1774/1621/1491 1789/1622/1506 1770/1620/1487
f 1774/1621/1491 1793/1623/1510 1808/1624/1525 1789/1622/1506
f 1793/1623/1510 1812/1625/1529 1827/1626/1544 1808/1624/1525
f 1812/1625/1529 1831/1627/1548 1846/1628/1563 1827/1626/1544
f 1831/1627/1548 1850/1629/1567 1865/1630/1582 1846/1628/1563
f 1850/1631/1567 1869/1632/1586 1884/1633/1601 1865/1634/1582
f 1869/1632/1586 1888/1635/1605 1903/1636/1620 1884/1633/1601
f 1888/1635/1605 1907/1637/1624 1922/1638/1639 1903/1636/1620
f 1907/1637/1624 1926/1639/1643 1941/1640/1658 1922/1638/1639
f 1926/1639/1643 1945/1641/1662 1960/1642/1677 1941/1640/1658
f 1945/1641/1662 1964/1643/1681 1979/1644/1696 1960/1642/1677
f 1964/1643/1681 1983/1645/1700 1998/1646/1715 1979/1644/1696
f 1983/1645/1700 2002/1647/1719 2017/1648/1734 1998/1646/1715
f 2002/1647/1719 1337/1575/1054 1352/1578/1069 2017/1648/1734
f 1334/1649/3 1335/1650/1052 1354/1651/1071
f 1334/1649/3 1354/1651/1071 1373/1652/1090
f 1334/1649/3 1373/1652/1090 1392/1653/1109
f 1334/1649/3 1392/1653/1109 1411/1654/1128
f 1334/1649/3 1411/1654/1128 1430/1655/1147
f 1334/1649/3 1430/1655/1147 1449/1656/1166
f 1334/1649/3 1449/1656/1166 1468/1657/1185
f 1334/1649/3 1468/1657/1185 1487/1658/1204
f 1334/1649/3 1487/1658/1204 1506/1659/1223
f 1334/1649/3 1506/1659/1223 1525/1660/1242
f 1334/1649/3 1525/1660/1242 1544/1661/1261
f 1334/1649/3 1544/1661/1261 1563/1662/1280
f 1334/1649/3 1563/1662/1280 1582/1663/1299
f 1334/1649/3 1582/1663/1299 1601/1664/1318
f 1334/1649/3 1601/1664/1318 1620/1665/1337
f 1334/1649/3 1620/1665/1337 1639/1666/1356
f 1334/1649/3 1639/1666/1356 1658/1667/1375
f 1334/1649/3 1658/1667/1375 1677/1668/1394
f 1334/1649/3 1677/1668/1394 1696/1669/1413
f 1334/1649/3 1696/1669/1413 1715/1670/1432
f 1334/1649/3 1715/1670/1432 1734/1671/1451
f 1334/1649/3 1734/1671/1451 1753/1672/1470
f 1334/1649/3 1753/1672/1470 1772/1673/1489
f 1334/1649/3 1772/1673/1489 1791/1674/1508
f 1334/1649/3 1791/1674/1508 1810/1675/1527
f 1334/1649/3 1810/1675/1527 1829/1676/1546
f 1334/1649/3 1829/1676/1546 1848/1677/1565
f 1334/1649/3 1848/1677/1565 1867/1678/1584
f 1334/1649/3 1867/1678/1584 1886/1679/1603
f 1334/1649/3 1886/1679/1603 1905/1680/1622
f 1334/1649/3 1905/1680/1622 1924/1681/1641
f 1334/1649/3 1924/1681/1641 1943/1682/1660
f 1334/1649/3 1943/1682/1660 1962/1683/1679
f 1334/1649/3 1962/1683/1679 1981/1684/1698
f 1334/1649/3 1981/1684/1698 2000/1685/1717
f 1334/1649/3 2000/1685/1717 1335/1650/1052
f 1338/1686/1055 1339/1687/1056 1358/1688/1075 1357/1689/1074
f 1357/1689/1074 1358/1688/1075 1377/1690/1094 1376/1691/1093
f 1376/1691/1093 1377/1690/1094 1396/1692/1113 1395/1693/1112
f 1395/1693/1112 1396/1692/1113 1415/1694/1132 1414/1695/1131
f 1414/1695/1131 1415/1694/1132 1434/1696/1151 1433/1697/1150
f 1433/1697/1150 1434/1696/1151 1453/1698/1170 1452/1699/1169
f 1452/1699/1169 1453/1698/1170 1472/1700/1189 1471/1701/1188
f 1471/1701/1188 1472/1700/1189 1491/1702/1208 1490/1703/1207
f 1490/1703/1207 1491/1702/1208 1510/1704/1227 1509/1705/1226
f 1509/1705/1226 1510/1704/1227 1529/1706/1246 1528/1707/1245
f 1528/1707/1245 1529/1706/1246 1548/1708/1265 1547/1709/1264
f 1547/1709/1264 1548/1708/1265 1567/1710/1284 1566/1711/1283
f 1566/1711/1283 1567/1710/1284 1586/1712/1303 1585/1713/1302
f 1585/1713/1302 1586/1712/1303 1605/1714/1322 1604/1715/1321
f 1604/1715/1321 1605/1714/1322 1624/1716/1341 1623/1717/1340
f 1623/1717/1340 1624/1716/1341 1643/1718/1360 1642/1719/1359
f 1642/1719/1359 1643/1718/1360 1662/1720/1379 1661/1721/1378
f 1661/1721/1378 1662/1720/1379 1681/1722/1398 1680/1723/1397
f 1680/1723/1397 1681/1722/1398 1700/1724/1417 1699/1725/1416
f 1699/1725/1416 1700/1724/1417 1719/1726/1436 1718/1727/1435
f 1718/1727/1435 1719/1726/1436 1738/1728/1455 1737/1729/1454
f 1737/1729/1454 1738/1728/1455 1757/1730/1474 1756/1731/1473
f 1756/1731/1473 1757/1730/1474 1776/1732/1493 1775/1733/1492
f 1775/1733/1492 1776/1732/1493 1795/1734/1512 1794/1735/1511
f 1794/1735/1511 1795/1734/1512 1814/1736/1531 1813/1737/1530
f 1813/1737/1530 1814/1736/1531 1833/1738/1550 1832/1739/1549
f 1832/1739/1549 1833/1738/1550 1852/1740/1569 1851/1741/1568
f 1851/1742/1568 1852/1743/1569 1871/1744/1588 1870/1745/1587
f 1870/1745/1587 1871/1744/1588 1890/1746/1607 1889/1747/1606
f 1889/1747/1606 1890/1746/1607 1909/1748/1626 1908/1749/1625
f 1908/1749/1625 1909/1748/1626 1928/1750/1645 1927/1751/1644
f 1927/1751/1644 1928/1750/1645 1947/1752/1664 1946/1753/1663
f 1946/1753/1663 1947/1752/1664 1966/1754/1683 1965/1755/1682
f 1965/1755/1682 1966/1754/1683 1985/1756/1702 1984/1757/1701
f 1984/1757/1701 1985/1756/1702 2004/1758/1721 2003/1759/1720
f 2003/1759/1720 2004/1758/1721 1339/1687/1056 1338/1686/1055
f 1346/1538/1063 1347/1760/1064 1366/1761/1083 1365/1539/1082
f 1365/1539/1082 1366/1761/1083 1385/1762/1102 1384/1540/1101
f 1384/1540/1101 1385/1762/1102 1404/1763/1121 1403/1541/1120
f 1403/1541/1120 1404/1763/1121 1423/1764/1140 1422/1542/1139
f 1422/1542/1139 1423/1764/1140 1442/1765/1159 1441/1543/1158
f 1441/1543/1158 1442/1765/1159 1461/1766/1178 1460/1544/1177
f 1460/1544/1177 1461/1766/1178 1480/1767/1197 1479/1545/1196
f 1479/1545/1196 1480/1767/1197 1499/1768/1216 1498/1546/1215
f 1498/1546/1215 1499/1768/1216 1518/1769/1235 1517/1547/1234
f 1517/1547/1234 1518/1769/1235 1537/1770/1254 1536/1548/1253
f 1536/1548/1253 1537/1770/1254 1556/1771/1273 1555/1549/1272
f 1555/1549/1272 1556/1771/1273 1575/1772/1292 1574/1550/1291
f 1574/1550/1291 1575/1772/1292 1594/1773/1311 1593/1551/1310
f 1593/1551/1310 1594/1773/1311 1613/1774/1330 1612/1552/1329
f 1612/1552/1329 1613/1774/1330 1632/1775/1349 1631/1553/1348
f 1631/1553/1348 1632/1775/1349 1651/1776/1368 1650/1554/1367
f 1650/1554/1367 1651/1776/1368 1670/1777/1387 1669/1555/1386
f 1669/1555/1386 1670/1777/1387 1689/1778/1406 1688/1556/1405
f 1688/1556/1405 1689/1778/1406 1708/1779/1425 1707/1557/1424
f 1707/1557/1424 1708/1779/1425 1727/1780/1444 1726/1558/1443
f 1726/1558/1443 1727/1780/1444 1746/1781/1463 1745/1559/1462
f 1745/1559/1462 1746/1781/1463 1765/1782/1482 1764/1560/1481
f 1764/1560/1481 1765/1782/1482 1784/1783/1501 1783/1561/1500
f 1783/1561/1500 1784/1783/1501 1803/1784/1520 1802/1562/1519
f 1802/1562/1519 1803/1784/1520 1822/1785/1539 1821/1563/1538
f 1821/1563/1538 1822/1785/1539 1841/1786/1558 1840/1564/1557
f 1840/1564/1557 1841/1786/1558 1860/1787/1577 1859/1565/1576
f 1859/1566/1576 1860/1788/1577 1879/1789/1596 1878/1567/1595
f 1878/1567/1595 1879/1789/1596 1898/1790/1615 1897/1568/1614
f 1897/1568/1614 1898/1790/1615 1917/1791/1634 1916/1569/1633
f 1916/1569/1633 1917/1791/1634 1936/1792/1653 1935/1570/1652
f 1935/1570/1652 1936/1792/1653 1955/1793/1672 1954/1571/1671
f 1954/1571/1671 1955/1793/1672 1974/1794/1691 1973/1572/1690
f 1973/1572/1690 1974/1794/1691 1993/1795/1710 1992/1573/1709
f 1992/1573/1709 1993/1795/1710 2012/1796/1729 2011/1574/1728
f 2011/1574/1728 2012/1796/1729 1347/1760/1064 1346/1538/1063
f 1339/1687/1056 1340/1797/1057 1359/1798/1076 1358/1688/1075
f 1358/1688/1075 1359/1798/1076 1378/1799/1095 1377/1690/1094
f 1377/1690/1094 1378/1799/1095 1397/1800/1114 1396/1692/1113
f 1396/1692/1113 1397/1800/1114 1416/1801/1133 1415/1694/1132
f 1415/1694/1132 1416/1801/1133 1435/1802/1152 1434/1696/1151
f 1434/1696/1151 1435/1802/1152 1454/1803/1171 1453/1698/1170
f 1453/1698/1170 1454/1803/1171 1473/1804/1190 1472/1700/1189
f 1472/1700/1189 1473/1804/1190 1492/1805/1209 1491/1702/1208
f 1491/1702/1208 1492/1805/1209 1511/1806/1228 1510/1704/1227
f 1510/1704/1227 1511/1806/1228 1530/1807/1247 1529/1706/1246
f 1529/1706/1246 1530/1807/1247 1549/1808/1266 1548/1708/1265
f 1548/1708/1265 1549/1808/1266 1568/1809/1285 1567/1710/1284
f 1567/1710/1284 1568/1809/1285 1587/1810/1304 1586/1712/1303
f 1586/1712/1303 1587/1810/1304 1606/1811/1323 1605/1714/1322
f 1605/1714/1322 1606/1811/1323 1625/1812/1342 1624/1716/1341
f 1624/1716/1341 1625/1812/1342 1644/1813/1361 1643/1718/1360
f 1643/1718/1360 1644/1813/1361 1663/1814/1380 1662/1720/1379
f 1662/1720/1379 1663/1814/1380 1682/1815/1399 1681/1722/1398
f 1681/1722/1398 1682/1815/1399 1701/1816/1418 1700/1724/1417
f 1700/1724/1417 1701/1816/1418 1720/1817/1437 1719/1726/1436
f 1719/1726/1436 1720/1817/1437 1739/1818/1456 1738/1728/1455
f 1738/1728/1455 1739/1818/1456 1758/1819/1475 1757/1730/1474
f 1757/1730/1474 1758/1819/1475 1777/1820/1494 1776/1732/1493
f 1776/1732/1493 1777/1820/1494 1796/1821/1513 1795/1734/1512
f 1795/1734/1512 1796/1821/1513 1815/1822/1532 1814/1736/1531
f 1814/1736/1531 1815/1822/1532 1834/1823/1551 1833/1738/1550
f 1833/1738/1550 1834/1823/1551 1853/1824/1570 1852/1740/1569
f 1852/1743/1569 1853/1825/1570 1872/1826/1589 1871/1744/1588
f 1871/1744/1588 1872/1826/1589 1891/1827/1608 1890/1746/1607
f 1890/1746/1607 1891/1827/1608 1910/1828/1627 1909/1748/1626
f 1909/1748/1626 1910/1828/1627 1929/1829/1646 1928/1750/1645
f 1928/1750/1645 1929/1829/1646 1948/1830/1665 1947/1752/1664
f 1947/1752/1664 1948/1830/1665 1967/1831/1684 1966/1754/1683
f 1966/1754/1683 1967/1831/1684 1986/1832/1703 1985/1756/1702
f 1985/1756/1702 1986/1832/1703 2005/1833/1722 2004/1758/1721
f 2004/1758/1721 2005/1833/1722 1340/1797/1057 1339/1687/1056
f 1347/1760/1064 1348/1834/1065 1367/1835/1084 1366/1761/1083
f 1366/1761/1083 1367/1835/1084 1386/1836/1103 1385/1762/1102
f 1385/1762/1102 1386/1836/1103 1405/1837/1122 1404/1763/1121
f 1404/1763/1121 1405/1837/1122 1424/1838/1141 1423/1764/1140
f 1423/1764/1140 1424/1838/1141 1443/1839/1160 1442/1765/1159
f 1442/1765/1159 1443/1839/1160 1462/1840/1179 1461/1766/1178
f 1461/1766/1178 1462/1840/1179 1481/1841/1198 1480/1767/1197
f 1480/1767/1197 1481/1841/1198 1500/1842/1217 1499/1768/1216
f 1499/1768/1216 1500/1842/1217 1519/1843/1236 1518/1769/1235
f 1518/1769/1235 1519/1843/1236 1538/1844/1255 1537/1770/1254
f 1537/1770/1254 1538/1844/1255 1557/1845/1274 1556/1771/1273
f 1556/1771/1273 1557/1845/1274 1576/1846/1293 1575/1772/1292
f 1575/1772/1292 1576/1846/1293 1595/1847/1312 1594/1773/1311
f 1594/1773/1311 1595/1847/1312 1614/1848/1331 1613/1774/1330
f 1613/1774/1330 1614/1848/1331 1633/1849/1350 1632/1775/1349
f 1632/1775/1349 1633/1849/1350 1652/1850/1369 1651/1776/1368
f 1651/1776/1368 1652/1850/1369 1671/1851/1388 1670/1777/1387
f 1670/1777/1387 1671/1851/1388 1690/1852/1407 1689/1778/1406
f 1689/1778/1406 1690/1852/1407 1709/1853/1426 1708/1779/1425
f 1708/1779/1425 1709/1853/1426 1728/1854/1445 1727/1780/1444
f 1727/1780/1444 1728/1854/1445 1747/1855/1464 1746/1781/1463
f 1746/1781/1463 1747/1855/1464 1766/1856/1483 1765/1782/1482
f 1765/1782/1482 1766/1856/1483 1785/1857/1502 1784/1783/1501
f 1784/1783/1501 1785/1857/1502 1804/1858/1521 1803/1784/1520
f 1803/1784/1520 1804/1858/1521 1823/1859/1540 1822/1785/1539
f 1822/1785/1539 1823/1859/1540 1842/1860/1559 1841/1786/1558
f 1841/1786/1558 1842/1860/1559 1861/1861/1578 1860/1787/1577
f 1860/1788/1577 1861/1862/1578 1880/1863/1597 1879/1789/1596
f 1879/1789/1596 1880/1863/1597 1899/1864/1616 1898/1790/1615
f 1898/1790/1615 1899/1864/1616 1918/1865/1635 1917/1791/1634
f 1917/1791/1634 1918/1865/1635 1937/1866/1654 1936/1792/1653
f 1936/1792/1653 1937/1866/1654 1956/1867/1673 1955/1793/1672
f 1955/1793/1672 1956/1867/1673 1975/1868/1692 1974/1794/1691
f 1974/1794/1691 1975/1868/1692 1994/1869/1711 1993/1795/1710
f 1993/1795/1710 1994/1869/1711 2013/1870/1730 2012/1796/1729
f 2012/1796/1729 2013/1870/1730 1348/1834/1065 1347/1760/1064
f 1333/1871/1051 1353/1872/1070 1355/1873/1072 1336/1874/1053
f 1353/1872/1070 1372/1875/1089 1374/1876/1091 1355/1873/1072
f 1372/1875/1089 1391/1877/1108 1393/1878/1110 1374/1876/1091
f 1391/1877/1108 1410/1879/1127 1412/1880/1129 1393/1878/1110
f 1410/1879/1127 1429/1881/1146 1431/1882/1148 1412/1880/1129
f 1429/1881/1146 1448/1883/1165 1450/1884/1167 1431/1882/1148
f 1448/1883/1165 1467/1885/1184 1469/1886/1186 1450/1884/1167
f 1467/1885/1184 1486/1887/1203 1488/1888/1205 1469/1886/1186
f 1486/1887/1203 1505/1889/1222 1507/1890/1224 1488/1888/1205
f 1505/1889/1222 1524/1891/1241 1526/1892/1243 1507/1890/1224
f 1524/1891/1241 1543/1893/1260 1545/1894/1262 1526/1892/1243
f 1543/1893/1260 1562/1895/1279 1564/1896/1281 1545/1894/1262
f 1562/1895/1279 1581/1897/1298 1583/1898/1300 1564/1896/1281
f 1581/1897/1298 1600/1899/1317 1602/1900/1319 1583/1898/1300
f 1600/1899/1317 1619/1901/1336 1621/1902/1338 1602/1900/1319
f 1619/1901/1336 1638/1903/1355 1640/1904/1357 1621/1902/1338
f 1638/1903/1355 1657/1905/1374 1659/1906/1376 1640/1904/1357
f 1657/1905/1374 1676/1907/1393 1678/1908/1395 1659/1906/1376
f 1676/1907/1393 1695/1909/1412 1697/1910/1414 1678/1908/1395
f 1695/1909/1412 1714/1911/1431 1716/1912/1433 1697/1910/1414
f 1714/1911/1431 1733/1913/1450 1735/1914/1452 1716/1912/1433
f 1733/1913/1450 1752/1915/1469 1754/1916/1471 1735/1914/1452
f 1752/1915/1469 1771/1917/1488 1773/1918/1490 1754/1916/1471
f 1771/1917/1488 1790/1919/1507 1792/1920/1509 1773/1918/1490
f 1790/1919/1507 1809/1921/1526 1811/1922/1528 1792/1920/1509
f 1809/1921/1526 1828/1923/1545 1830/1924/1547 1811/1922/1528
f 1828/1923/1545 1847/1925/1564 1849/1926/1566 1830/1924/1547
f 1847/1925/1564 1866/1927/1583 1868/1928/1585 1849/1926/1566
f 1866/1927/1583 1885/1929/1602 1887/1930/1604 1868/1928/1585
f 1885/1929/1602 1904/1931/1621 1906/1932/1623 1887/1930/1604
f 1904/1931/1621 1923/1933/1640 1925/1934/1642 1906/1932/1623
f 1923/1933/1640 1942/1935/1659 1944/1936/1661 1925/1934/1642
f 1942/1935/1659 1961/1937/1678 1963/1938/1680 1944/1936/1661
f 1961/1937/1678 1980/1939/1697 1982/1940/1699 1963/1938/1680
f 1980/1939/1697 1999/1941/1716 2001/1942/1718 1982/1940/1699
f 1999/1941/1716 1333/1871/1051 1336/1874/1053 2001/1942/1718
f 1333/1943/1051 1338/1686/1055 1357/1689/1074 1353/1944/1070
f 1353/1944/1070 1357/1689/1074 1376/1691/1093 1372/1945/1089
f 1372/1945/1089 1376/1691/1093 1395/1693/1112 1391/1946/1108
f 1391/1946/1108 1395/1693/1112 1414/1695/1131 1410/1947/1127
f 1410/1947/1127 1414/1695/1131 1433/1697/1150 1429/1948/1146
f 1429/1948/1146 1433/1697/1150 1452/1699/1169 1448/1949/1165
f 1448/1949/1165 1452/1699/1169 1471/1701/1188 1467/1950/1184
f 1467/1950/1184 1471/1701/1188 1490/1703/1207 1486/1951/1203
f 1486/1951/1203 1490/1703/1207 1509/1705/1226 1505/1952/1222
f 1505/1952/1222 1509/1705/1226 1528/1707/1245 1524/1953/1241
f 1524/1953/1241 1528/1707/1245 1547/1709/1264 1543/1954/1260
f 1543/1954/1260 1547/1709/1264 1566/1711/1283 1562/1955/1279
f 1562/1955/1279 1566/1711/1283 1585/1713/1302 1581/1956/1298
f 1581/1956/1298 1585/1713/1302 1604/1715/1321 1600/1957/1317
f 1600/1957/1317 1604/1715/1321 1623/1717/1340 1619/1958/1336
f 1619/1958/1336 1623/1717/1340 1642/1719/1359 1638/1959/1355
f 1638/1959/1355 1642/1719/1359 1661/1721/1378 1657/1960/1374
f 1657/1960/1374 1661/1721/1378 1680/1723/1397 1676/1961/1393
f 1676/1961/1393 1680/1723/1397 1699/1725/1416 1695/1962/1412
f 1695/1962/1412 1699/1725/1416 1718/1727/1435 1714/1963/1431
f 1714/1963/1431 1718/1727/1435 1737/1729/1454 1733/1964/1450
f 1733/1964/1450 1737/1729/1454 1756/1731/1473 1752/1965/1469
f 1752/1965/1469 1756/1731/1473 1775/1733/1492 1771/1966/1488
f 1771/1966/1488 1775/1733/1492 1794/1735/1511 1790/1967/1507
f 1790/1967/1507 1794/1735/1511 1813/1737/1530 1809/1968/1526
f 1809/1968/1526 1813/1737/1530 1832/1739/1549 1828/1969/1545
f 1828/1969/1545 1832/1739/1549 1851/1741/1568 1847/1970/1564
f 1847/1971/1564 1851/1742/1568 1870/1745/1587 1866/1972/1583
f 1866/1972/1583 1870/1745/1587 1889/1747/1606 1885/1973/1602
f 1885/1973/1602 1889/1747/1606 1908/1749/1625 1904/1974/1621
f 1904/1974/1621 1908/1749/1625 1927/1751/1644 1923/1975/1640
f 1923/1975/1640 1927/1751/1644 1946/1753/1663 1942/1976/1659
f 1942/1976/1659 1946/1753/1663 1965/1755/1682 1961/1977/1678
f 1961/1977/1678 1965/1755/1682 1984/1757/1701 1980/1978/1697
f 1980/1978/1697 1984/1757/1701 2003/1759/1720 1999/1979/1716
f 1999/1979/1716 2003/1759/1720 1338/1686/1055 1333/1943/1051
f 1340/1797/1057 1341/1980/1058 1360/1981/1077 1359/1798/1076
f 1359/1798/1076 1360/1981/1077 1379/1982/1096 1378/1799/1095
f 1378/1799/1095 1379/1982/1096 1398/1983/1115 1397/1800/1114
f 1397/1800/1114 1398/1983/1115 1417/1984/1134 1416/1801/1133
f 1416/1801/1133 1417/1984/1134 1436/1985/1153 1435/1802/1152
f 1435/1802/1152 1436/1985/1153 1455/1986/1172 1454/1803/1171
f 1454/1803/1171 1455/1986/1172 1474/1987/1191 1473/1804/1190
f 1473/1804/1190 1474/1987/1191 1493/1988/1210 1492/1805/1209
f 1492/1805/1209 1493/1988/1210 1512/1989/1229 1511/1806/1228
f 1511/1806/1228 1512/1989/1229 1531/1990/1248 1530/1807/1247
f 1530/1807/1247 1531/1990/1248 1550/1991/1267 1549/1808/1266
f 1549/1808/1266 1550/1991/1267 1569/1992/1286 1568/1809/1285
f 1568/1809/1285 1569/1992/1286 1588/1993/1305 1587/1810/1304
f 1587/1810/1304 1588/1993/1305 1607/1994/1324 1606/1811/1323
f 1606/1811/1323 1607/1994/1324 1626/1995/1343 1625/1812/1342
f 1625/1812/1342 1626/1995/1343 1645/1996/1362 1644/1813/1361
f 1644/1813/1361 1645/1996/1362 1664/1997/1381 1663/1814/1380
f 1663/1814/1380 1664/1997/1381 1683/1998/1400 1682/1815/1399
f 1682/1815/1399 1683/1998/1400 1702/1999/1419 1701/1816/1418
f 1701/1816/1418 1702/1999/1419 1721/2000/1438 1720/1817/1437
f 1720/1817/1437 1721/2000/1438 1740/2001/1457 1739/1818/1456
f 1739/1818/1456 1740/2001/1457 1759/2002/1476 1758/1819/1475
f 1758/1819/1475 1759/2002/1476 1778/2003/1495 1777/1820/1494
f 1777/1820/1494 1778/2003/1495 1797/2004/1514 1796/1821/1513
f 1796/1821/1513 1797/2004/1514 1816/2005/1533 1815/1822/1532
f 1815/1822/1532 1816/2005/1533 1835/2006/1552 1834/1823/1551
f 1834/1823/1551 1835/2006/1552 1854/2007/1571 1853/1824/1570
f 1853/1825/1570 1854/2008/1571 1873/2009/1590 1872/1826/1589
f 1872/1826/1589 1873/2009/1590 1892/2010/1609 1891/1827/1608
f 1891/1827/1608 1892/2010/1609 1911/2011/1628 1910/1828/1627
f 1910/1828/1627 1911/2011/1628 1930/2012/1647 1929/1829/1646
f 1929/1829/1646 1930/2012/1647 1949/2013/1666 1948/1830/1665
f 1948/1830/1665 1949/2013/1666 1968/2014/1685 1967/1831/1684
f 1967/1831/1684 1968/2014/1685 1987/2015/1704 1986/1832/1703
f 1986/1832/1703 1987/2015/1704 2006/2016/1723 2005/1833/1722
f 2005/1833/1722 2006/2016/1723 1341/1980/1058 1340/1797/1057
f 1348/1834/1065 1349/2017/1066 1368/2018/1085 1367/1835/1084
f 1367/1835/1084 1368/2018/1085 1387/2019/1104 1386/1836/1103
f 1386/1836/1103 1387/2019/1104 1406/2020/1123 1405/1837/1122
f 1405/1837/1122 1406/2020/1123 1425/2021/1142 1424/1838/1141
f 1424/1838/1141 1425/2021/1142 1444/2022/1161 1443/1839/1160
f 1443/1839/1160 1444/2022/1161 1463/2023/1180 1462/1840/1179
f 1462/1840/1179 1463/2023/1180 1482/2024/1199 1481/1841/1198
f 1481/1841/1198 1482/2024/1199 1501/2025/1218 1500/1842/1217
f 1500/1842/1217 1501/2025/1218 1520/2026/1237 1519/1843/1236
f 1519/1843/1236 1520/2026/1237 1539/2027/1256 1538/1844/1255
f 1538/1844/1255 1539/2027/1256 1558/2028/1275 1557/1845/1274
f 1557/1845/1274 1558/2028/1275 1577/2029/1294 1576/1846/1293
f 1576/1846/1293 1577/2029/1294 1596/2030/1313 1595/1847/1312
f 1595/1847/1312 1596/2030/1313 1615/2031/1332 1614/1848/1331
f 1614/1848/1331 1615/2031/1332 1634/2032/1351 1633/1849/1350
f 1633/1849/1350 1634/2032/1351 1653/2033/1370 1652/1850/1369
f 1652/1850/1369 1653/2033/1370 1672/2034/1389 1671/1851/1388
f 1671/1851/1388 1672/2034/1389 1691/2035/1408 1690/1852/1407
f 1690/1852/1407 1691/2035/1408 1710/2036/1427 1709/1853/1426
f 1709/1853/1426 1710/2036/1427 1729/2037/1446 1728/1854/1445
f 1728/1854/1445 1729/2037/1446 1748/2038/1465 1747/1855/1464
f 1747/1855/1464 1748/2038/1465 1767/2039/1484 1766/1856/1483
f 1766/1856/1483 1767/2039/1484 1786/2040/1503 1785/1857/1502
f 1785/1857/1502 1786/2040/1503 1805/2041/1522 1804/1858/1521
f 1804/1858/1521 1805/2041/1522 1824/2042/1541 1823/1859/1540
f 1823/1859/1540 1824/2042/1541 1843/2043/1560 1842/1860/1559
f 1842/1860/1559 1843/2043/1560 1862/2044/1579 1861/1861/1578
f 1861/1862/1578 1862/2045/1579 1881/2046/1598 1880/1863/1597
f 1880/1863/1597 1881/2046/1598 1900/2047/1617 1899/1864/1616
f 1899/1864/1616 1900/2047/1617 1919/2048/1636 1918/1865/1635
f 1918/1865/1635 1919/2048/1636 1938/2049/1655 1937/1866/1654
f 1937/1866/1654 1938/2049/1655 1957/2050/1674 1956/1867/1673
f 1956/1867/1673 1957/2050/1674 1976/2051/1693 1975/1868/1692
f 1975/1868/1692 1976/2051/1693 1995/2052/1712 1994/1869/1711
f 1994/1869/1711 1995/2052/1712 2014/2053/1731 2013/1870/1730
f 2013/1870/1730 2014/2053/1731 1349/2017/1066 1348/1834/1065
f 1335/1650/1052 1336/1874/1053 1355/1873/1072 1354/1651/1071
f 1354/1651/1071 1355/1873/1072 1374/1876/1091 1373/1652/1090
f 1373/1652/1090 1374/1876/1091 1393/1878/1110 1392/1653/1109
f 1392/1653/1109 1393/1878/1110 1412/1880/1129 1411/1654/1128
f 1411/1654/1128 1412/1880/1129 1431/1882/1148 1430/1655/1147
f 1430/1655/1147 1431/1882/1148 1450/1884/1167 1449/1656/1166
f 1449/1656/1166 1450/1884/1167 1469/1886/1186 1468/1657/1185
f 1468/1657/1185 1469/1886/1186 1488/1888/1205 1487/1658/1204
f 1487/1658/1204 1488/1888/1205 1507/1890/1224 1506/1659/1223
f 1506/1659/1223 1507/1890/1224 1526/1892/1243 1525/1660/1242
f 1525/1660/1242 1526/1892/1243 1545/1894/1262 1544/1661/1261
f 1544/1661/1261 1545/1894/1262 1564/1896/1281 1563/1662/1280
f 1563/1662/1280 1564/1896/1281 1583/1898/1300 1582/1663/1299
f 1582/1663/1299 1583/1898/1300 1602/1900/1319 1601/1664/1318
f 1601/1664/1318 1602/1900/1319 1621/1902/1338 1620/1665/1337
f 1620/1665/1337 1621/1902/1338 1640/1904/1357 1639/1666/1356
f 1639/1666/1356 1640/1904/1357 1659/1906/1376 1658/1667/1375
f 1658/1667/1375 1659/1906/1376 1678/1908/1395 1677/1668/1394
f 1677/1668/1394 1678/1908/1395 1697/1910/1414 1696/1669/1413
f 1696/1669/1413 1697/1910/1414 1716/1912/1433 1715/1670/1432
f 1715/1670/1432 1716/1912/1433 1735/1914/1452 1734/1671/1451
f 1734/1671/1451 1735/1914/1452 1754/1916/1471 1753/1672/1470
f 1753/1672/1470 1754/1916/1471 1773/1918/1490 1772/1673/1489
f 1772/1673/1489 1773/1918/1490 1792/1920/1509 1791/1674/1508
f 1791/1674/1508 1792/1920/1509 1811/1922/1528 1810/1675/1527
f 1810/1675/1527 1811/1922/1528 1830/1924/1547 1829/1676/1546
f 1829/1676/1546 1830/1924/1547 1849/1926/1566 1848/1677/1565
f 1848/1677/1565 1849/1926/1566 1868/1928/1585 1867/1678/1584
f 1867/1678/1584 1868/1928/1585 1887/1930/1604 1886/1679/1603
f 1886/1679/1603 1887/1930/1604 1906/1932/1623 1905/1680/1622
f 1905/1680/1622 1906/1932/1623 1925/1934/1642 1924/1681/1641
f 1924/1681/1641 1925/1934/1642 1944/1936/1661 1943/1682/1660
f 1943/1682/1660 1944/1936/1661 1963/1938/1680 1962/1683/1679
f 1962/1683/1679 1963/1938/1680 1982/1940/1699 1981/1684/1698
f 1981/1684/1698 1982/1940/1699 2001/1942/1718 2000/1685/1717
f 2000/1685/1717 2001/1942/1718 1336/1874/1053 1335/1650/1052
f 1341/1980/1058 1342/2054/1059 1361/2055/1078 1360/1981/1077
f 1360/1981/1077 1361/2055/1078 1380/2056/1097 1379/1982/1096
f 1379/1982/1096 1380/2056/1097 1399/2057/1116 1398/1983/1115
f 1398/1983/1115 1399/2057/1116 1418/2058/1135 1417/1984/1134
f 1417/1984/1134 1418/2058/1135 1437/2059/1154 1436/1985/1153
f 1436/1985/1153 1437/2059/1154 1456/2060/1173 1455/1986/1172
f 1455/1986/1172 1456/2060/1173 1475/2061/1192 1474/1987/1191
f 1474/1987/1191 1475/2061/1192 1494/2062/1211 1493/1988/1210
f 1493/1988/1210 1494/2062/1211 1513/2063/1230 1512/1989/1229
f 1512/1989/1229 1513/2063/1230 1532/2064/1249 1531/1990/1248
f 1531/1990/1248 1532/2064/1249 1551/2065/1268 1550/1991/1267
f 1550/1991/1267 1551/2065/1268 1570/2066/1287 1569/1992/1286
f 1569/1992/1286 1570/2066/1287 1589/2067/1306 1588/1993/1305
f 1588/1993/1305 1589/2067/1306 1608/2068/1325 1607/1994/1324
f 1607/1994/1324 1608/2068/1325 1627/2069/1344 1626/1995/1343
f 1626/1995/1343 1627/2069/1344 1646/2070/1363 1645/1996/1362
f 1645/1996/1362 1646/2070/1363 1665/2071/1382 1664/1997/1381
f 1664/1997/1381 1665/2071/1382 1684/2072/1401 1683/1998/1400
f 1683/1998/1400 1684/2072/1401 1703/2073/1420 1702/1999/1419
f 1702/1999/1419 1703/2073/1420 1722/2074/1439 1721/2000/1438
f 1721/2000/1438 1722/2074/1439 1741/2075/1458 1740/2001/1457
f 1740/2001/1457 1741/2075/1458 1760/2076/1477 1759/2002/1476
f 1759/2002/1476 1760/2076/1477 1779/2077/1496 1778/2003/1495
f 1778/2003/1495 1779/2077/1496 1798/2078/1515 1797/2004/1514
f 1797/2004/1514 1798/2078/1515 1817/2079/1534 1816/2005/1533
f 1816/2005/1533 1817/2079/1534 1836/2080/1553 1835/2006/1552
f 1835/2006/1552 1836/2080/1553 1855/2081/1572 1854/2007/1571
f 1854/2008/1571 1855/2082/1572 1874/2083/1591 1873/2009/1590
f 1873/2009/1590 1874/2083/1591 1893/2084/1610 1892/2010/1609
f 1892/2010/1609 1893/2084/1610 1912/2085/1629 1911/2011/1628
f 1911/2011/1628 1912/2085/1629 1931/2086/1648 1930/2012/1647
f 1930/2012/1647 1931/2086/1648 1950/2087/1667 1949/2013/1666
f 1949/2013/1666 1950/2087/1667 1969/2088/1686 1968/2014/1685
f 1968/2014/1685 1969/2088/1686 1988/2089/1705 1987/2015/1704
f 1987/2015/1704 1988/2089/1705 2007/2090/1724 2006/2016/1723
f 2006/2016/1723 2007/2090/1724 1342/2054/1059 1341/1980/1058
f 1349/2017/1066 1350/2091/1067 1369/2092/1086 1368/2018/1085
f 1368/2018/1085 1369/2092/1086 1388/2093/1105 1387/2019/1104
f 1387/2019/1104 1388/2093/1105 1407/2094/1124 1406/2020/1123
f 1406/2020/1123 1407/2094/1124 1426/2095/1143 1425/2021/1142
f 1425/2021/1142 1426/2095/1143 1445/2096/1162 1444/2022/1161
f 1444/2022/1161 1445/2096/1162 1464/2097/1181 1463/2023/1180
f 1463/2023/1180 1464/2097/1181 1483/2098/1200 1482/2024/1199
f 1482/2024/1199 1483/2098/1200 1502/2099/1219 1501/2025/1218
f 1501/2025/1218 1502/2099/1219 1521/2100/1238 1520/2026/1237
f 1520/2026/1237 1521/2100/1238 1540/2101/1257 1539/2027/1256
f 1539/2027/1256 1540/2101/1257 1559/2102/1276 1558/2028/1275
f 1558/2028/1275 1559/2102/1276 1578/2103/1295 1577/2029/1294
f 1577/2029/1294 1578/2103/1295 1597/2104/1314 1596/2030/1313
f 1596/2030/1313 1597/2104/1314 1616/2105/1333 1615/2031/1332
f 1615/2031/1332 1616/2105/1333 1635/2106/1352 1634/2032/1351
f 1634/2032/1351 1635/2106/1352 1654/2107/1371 1653/2033/1370
f 1653/2033/1370 1654/2107/1371 1673/2108/1390 1672/2034/1389
f 1672/2034/1389 1673/2108/1390 1692/2109/1409 1691/2035/1408
f 1691/2035/1408 1692/2109/1409 1711/2110/1428 1710/2036/1427
f 1710/2036/1427 1711/2110/1428 1730/2111/1447 1729/2037/1446
f 1729/2037/1446 1730/2111/1447 1749/2112/1466 1748/2038/1465
f 1748/2038/1465 1749/2112/1466 1768/2113/1485 1767/2039/1484
f 1767/2039/1484 1768/2113/1485 1787/2114/1504 1786/2040/1503
f 1786/2040/1503 1787/2114/1504 1806/2115/1523 1805/2041/1522
f 1805/2041/1522 1806/2115/1523 1825/2116/1542 1824/2042/1541
f 1824/2042/1541 1825/2116/1542 1844/2117/1561 1843/2043/1560
f 1843/2043/1560 1844/2117/1561 1863/2118/1580 1862/2044/1579
f 1862/2045/1579 1863/2119/1580 1882/2120/1599 1881/2046/1598
f 1881/2046/1598 1882/2120/1599 1901/2121/1618 1900/2047/1617
f 1900/2047/1617 1901/2121/1618 1920/2122/1637 1919/2048/1636
f 1919/2048/1636 1920/2122/1637 1939/2123/1656 1938/2049/1655
f 1938/2049/1655 1939/2123/1656 1958/2124/1675 1957/2050/1674
f 1957/2050/1674 1958/2124/1675 1977/2125/1694 1976/2051/1693
f 1976/2051/1693 1977/2125/1694 1996/2126/1713 1995/2052/1712
f 1995/2052/1712 1996/2126/1713 2015/2127/1732 2014/2053/1731
f 2014/2053/1731 2015/2127/1732 1350/2091/1067 1349/2017/1066
f 1342/2054/1059 1343/2128/1060 1362/2129/1079 1361/2055/1078
f 1361/2055/1078 1362/2129/1079 1381/2130/1098 1380/2056/1097
f 1380/2056/1097 1381/2130/1098 1400/2131/1117 1399/2057/1116
f 1399/2057/1116 1400/2131/1117 1419/2132/1136 1418/2058/1135
f 1418/2058/1135 1419/2132/1136 1438/2133/1155 1437/2059/1154
f 1437/2059/1154 1438/2133/1155 1457/2134/1174 1456/2060/1173
f 1456/2060/1173 1457/2134/1174 1476/2135/1193 1475/2061/1192
f 1475/2061/1192 1476/2135/1193 1495/2136/1212 1494/2062/1211
f 1494/2062/1211 1495/2136/1212 1514/2137/1231 1513/2063/1230
f 1513/2063/1230 1514/2137/1231 1533/2138/1250 1532/2064/1249
f 1532/2064/1249 1533/2138/1250 1552/2139/1269 1551/2065/1268
f 1551/2065/1268 1552/2139/1269 1571/2140/1288 1570/2066/1287
f 1570/2066/1287 1571/2140/1288 1590/2141/1307 1589/2067/1306
f 1589/2067/1306 1590/2141/1307 1609/2142/1326 1608/2068/1325
f 1608/2068/1325 1609/2142/1326 1628/2143/1345 1627/2069/1344
f 1627/2069/1344 1628/2143/1345 1647/2144/1364 1646/2070/1363
f 1646/2070/1363 1647/2144/1364 1666/2145/1383 1665/2071/1382
f 1665/2071/1382 1666/2145/1383 1685/2146/1402 1684/2072/1401
f 1684/2072/1401 1685/2146/1402 1704/2147/1421 1703/2073/1420
f 1703/2073/1420 1704/2147/1421 1723/2148/1440 1722/2074/1439
f 1722/2074/1439 1723/2148/1440 1742/2149/1459 1741/2075/1458
f 1741/2075/1458 1742/2149/1459 1761/2150/1478 1760/2076/1477
f 1760/2076/1477 1761/2150/1478 1780/2151/1497 1779/2077/1496
f 1779/2077/1496 1780/2151/1497 1799/2152/1516 1798/2078/1515
f 1798/2078/1515 1799/2152/1516 1818/2153/1535 1817/2079/1534
f 1817/2079/1534 1818/2153/1535 1837/2154/1554 1836/2080/1553
f 1836/2080/1553 1837/2154/1554 1856/2155/1573 1855/2081/1572
f 1855/2082/1572 1856/2156/1573 1875/2157/1592 1874/2083/1591
f 1874/2083/1591 1875/2157/1592 1894/2158/1611 1893/2084/1610
f 1893/2084/1610 1894/2158/1611 1913/2159/1630 1912/2085/1629
f 1912/2085/1629 1913/2159/1630 1932/2160/1649 1931/2086/1648
f 1931/2086/1648 1932/2160/1649 1951/2161/1668 1950/2087/1667
f 1950/2087/1667 1951/2161/1668 1970/2162/1687 1969/2088/1686
f 1969/2088/1686 1970/2162/1687 1989/2163/1706 1988/2089/1705
f 1988/2089/1705 1989/2163/1706 2008/2164/1725 2007/2090/1724
f 2007/2090/1724 2008/2164/1725 1343/2128/1060 1342/2054/1059
f 1350/2091/1067 1351/2165/1068 1370/2166/1087 1369/2092/1086
f 1369/2092/1086 1370/2166/1087 1389/2167/1106 1388/2093/1105
f 1388/2093/1105 1389/2167/1106 1408/2168/1125 1407/2094/1124
f 1407/2094/1124 1408/2168/1125 1427/2169/1144 1426/2095/1143
f 1426/2095/1143 1427/2169/1144 1446/2170/1163 1445/2096/1162
f 1445/2096/1162 1446/2170/1163 1465/2171/1182 1464/2097/1181
f 1464/2097/1181 1465/2171/1182 1484/2172/1201 1483/2098/1200
f 1483/2098/1200 1484/2172/1201 1503/2173/1220 1502/2099/1219
f 1502/2099/1219 1503/2173/1220 1522/2174/1239 1521/2100/1238
f 1521/2100/1238 1522/2174/1239 1541/2175/1258 1540/2101/1257
f 1540/2101/1257 1541/2175/1258 1560/2176/1277 1559/2102/1276
f 1559/2102/1276 1560/2176/1277 1579/2177/1296 1578/2103/1295
f 1578/2103/1295 1579/2177/1296 1598/2178/1315 1597/2104/1314
f 1597/2104/1314 1598/2178/1315 1617/2179/1334 1616/2105/1333
f 1616/2105/1333 1617/2179/1334 1636/2180/1353 1635/2106/1352
f 1635/2106/1352 1636/2180/1353 1655/2181/1372 1654/2107/1371
f 1654/2107/1371 1655/2181/1372 1674/2182/1391 1673/2108/1390
f 1673/2108/1390 1674/2182/1391 1693/2183/1410 1692/2109/1409
f 1692/2109/1409 1693/2183/1410 1712/2184/1429 1711/2110/1428
f 1711/2110/1428 1712/2184/1429 1731/2185/1448 1730/2111/1447
f 1730/2111/1447 1731/2185/1448 1750/2186/1467 1749/2112/1466
f 1749/2112/1466 1750/2186/1467 1769/2187/1486 1768/2113/1485
f 1768/2113/1485 1769/2187/1486 1788/2188/1505 1787/2114/1504
f 1787/2114/1504 1788/2188/1505 1807/2189/1524 1806/2115/1523
f 1806/2115/1523 1807/2189/1524 1826/2190/1543 1825/2116/1542
f 1825/2116/1542 1826/2190/1543 1845/2191/1562 1844/2117/1561
f 1844/2117/1561 1845/2191/1562 1864/2192/1581 1863/2118/1580
f 1863/2119/1580 1864/2193/1581 1883/2194/1600 1882/2120/1599
f 1882/2120/1599 1883/2194/1600 1902/2195/1619 1901/2121/1618
f 1901/2121/1618 1902/2195/1619 1921/2196/1638 1920/2122/1637
f 1920/2122/1637 1921/2196/1638 1940/2197/1657 1939/2123/1656
f 1939/2123/1656 1940/2197/1657 1959/2198/1676 1958/2124/1675
f 1958/2124/1675 1959/2198/1676 1978/2199/1695 1977/2125/1694
f 1977/2125/1694 1978/2199/1695 1997/2200/1714 1996/2126/1713
f 1996/2126/1713 1997/2200/1714 2016/2201/1733 2015/2127/1732
f 2015/2127/1732 2016/2201/1733 1351/2165/1068 1350/2091/1067
f 1343/2128/1060 1344/1464/1061 1363/1467/1080 1362/2129/1079
f 1362/2129/1079 1363/1467/1080 1382/1469/1099 1381/2130/1098
f 1381/2130/1098 1382/1469/1099 1401/1471/1118 1400/2131/1117
f 1400/2131/1117 1401/1471/1118 1420/1473/1137 1419/2132/1136
f 1419/2132/1136 1420/1473/1137 1439/1475/1156 1438/2133/1155
f 1438/2133/1155 1439/1475/1156 1458/1477/1175 1457/2134/1174
f 1457/2134/1174 1458/1477/1175 1477/1479/1194 1476/2135/1193
f 1476/2135/1193 1477/1479/1194 1496/1481/1213 1495/2136/1212
f 1495/2136/1212 1496/1481/1213 1515/1483/1232 1514/2137/1231
f 1514/2137/1231 1515/1483/1232 1534/1485/1251 1533/2138/1250
f 1533/2138/1250 1534/1485/1251 1553/1487/1270 1552/2139/1269
f 1552/2139/1269 1553/1487/1270 1572/1489/1289 1571/2140/1288
f 1571/2140/1288 1572/1489/1289 1591/1491/1308 1590/2141/1307
f 1590/2141/1307 1591/1491/1308 1610/1493/1327 1609/2142/1326
f 1609/2142/1326 1610/1493/1327 1629/1495/1346 1628/2143/1345
f 1628/2143/1345 1629/1495/1346 1648/1497/1365 1647/2144/1364
f 1647/2144/1364 1648/1497/1365 1667/1499/1384 1666/2145/1383
f 1666/2145/1383 1667/1499/1384 1686/1501/1403 1685/2146/1402
f 1685/2146/1402 1686/1501/1403 1705/1503/1422 1704/2147/1421
f 1704/2147/1421 1705/1503/1422 1724/1505/1441 1723/2148/1440
f 1723/2148/1440 1724/1505/1441 1743/1507/1460 1742/2149/1459
f 1742/2149/1459 1743/1507/1460 1762/1509/1479 1761/2150/1478
f 1761/2150/1478 1762/1509/1479 1781/1511/1498 1780/2151/1497
f 1780/2151/1497 1781/1511/1498 1800/1513/1517 1799/2152/1516
f 1799/2152/1516 1800/1513/1517 1819/1515/1536 1818/2153/1535
f 1818/2153/1535 1819/1515/1536 1838/1517/1555 1837/2154/1554
f 1837/2154/1554 1838/1517/1555 1857/1519/1574 1856/2155/1573
f 1856/2156/1573 1857/1520/1574 1876/1523/1593 1875/2157/1592
f 1875/2157/1592 1876/1523/1593 1895/1525/1612 1894/2158/1611
f 1894/2158/1611 1895/1525/1612 1914/1527/1631 1913/2159/1630
f 1913/2159/1630 1914/1527/1631 1933/1529/1650 1932/2160/1649
f 1932/2160/1649 1933/1529/1650 1952/1531/1669 1951/2161/1668
f 1951/2161/1668 1952/1531/1669 1971/1533/1688 1970/2162/1687
f 1970/2162/1687 1971/1533/1688 1990/1535/1707 1989/2163/1706
f 1989/2163/1706 1990/1535/1707 2009/1537/1726 2008/2164/1725
f 2008/2164/1725 2009/1537/1726 1344/1464/1061 1343/2128/1060
f 1351/2165/1068 1352/1578/1069 1371/1577/1088 1370/2166/1087
f 1370/2166/1087 1371/1577/1088 1390/1580/1107 1389/2167/1106
f 1389/2167/1106 1390/1580/1107 1409/1582/1126 1408/2168/1125
f 1408/2168/1125 1409/1582/1126 1428/1584/1145 1427/2169/1144
f 1427/2169/1144 1428/1584/1145 1447/1586/1164 1446/2170/1163
f 1446/2170/1163 1447/1586/1164 1466/1588/1183 1465/2171/1182
f 1465/2171/1182 1466/1588/1183 1485/1590/1202 1484/2172/1201
f 1484/2172/1201 1485/1590/1202 1504/1592/1221 1503/2173/1220
f 1503/2173/1220 1504/1592/1221 1523/1594/1240 1522/2174/1239
f 1522/2174/1239 1523/1594/1240 1542/1596/1259 1541/2175/1258
f 1541/2175/1258 1542/1596/1259 1561/1598/1278 1560/2176/1277
f 1560/2176/1277 1561/1598/1278 1580/1600/1297 1579/2177/1296
f 1579/2177/1296 1580/1600/1297 1599/1602/1316 1598/2178/1315
f 1598/2178/1315 1599/1602/1316 1618/1604/1335 1617/2179/1334
f 1617/2179/1334 1618/1604/1335 1637/1606/1354 1636/2180/1353
f 1636/2180/1353 1637/1606/1354 1656/1608/1373 1655/2181/1372
f 1655/2181/1372 1656/1608/1373 1675/1610/1392 1674/2182/1391
f 1674/2182/1391 1675/1610/1392 1694/1612/1411 1693/2183/1410
f 1693/2183/1410 1694/1612/1411 1713/1614/1430 1712/2184/1429
f 1712/2184/1429 1713/1614/1430 1732/1616/1449 1731/2185/1448
f 1731/2185/1448 1732/1616/1449 1751/1618/1468 1750/2186/1467
f 1750/2186/1467 1751/1618/1468 1770/1620/1487 1769/2187/1486
f 1769/2187/1486 1770/1620/1487 1789/1622/1506 1788/2188/1505
f 1788/2188/1505 1789/1622/1506 1808/1624/1525 1807/2189/1524
f 1807/2189/1524 1808/1624/1525 1827/1626/1544 1826/2190/1543
f 1826/2190/1543 1827/1626/1544 1846/1628/1563 1845/2191/1562
f 1845/2191/1562 1846/1628/1563 1865/1630/1582 1864/2192/1581
f 1864/2193/1581 1865/1634/1582 1884/1633/1601 1883/2194/1600
f 1883/2194/1600 1884/1633/1601 1903/1636/1620 1902/2195/1619
f 1902/2195/1619 1903/1636/1620 1922/1638/1639 1921/2196/1638
f 1921/2196/1638 1922/1638/1639 1941/1640/1658 1940/2197/1657
f 1940/2197/1657 1941/1640/1658 1960/1642/1677 1959/2198/1676
f 1959/2198/1676 1960/1642/1677 1979/1644/1696 1978/2199/1695
f 1978/2199/1695 1979/1644/1696 1998/1646/1715 1997/2200/1714
f 1997/2200/1714 1998/1646/1715 2017/1648/1734 2016/2201/1733
f 2016/2201/1733 2017/1648/1734 1352/1578/1069 1351/2165/1068
usemtl Bottom
f 21/772/21 58/773/56 60/774/58 23/775/23
f 58/773/56 95/776/91 97/777/93 60/774/58
f 95/776/91 132/778/126 134/779/128 97/777/93
f 132/778/126 169/780/161 171/781/163 134/779/128
f 169/780/161 206/782/196 208/783/198 171/781/163
f 206/782/196 243/784/231 245/785/233 208/783/198
f 243/784/231 280/786/266 282/787/268 245/785/233
f 280/786/266 317/788/301 319/789/303 282/787/268
f 317/788/301 354/790/336 356/791/338 319/789/303
f 354/790/336 391/792/371 393/793/373 356/791/338
f 391/792/371 428/794/406 430/795/408 393/793/373
f 428/794/406 465/796/441 467/797/443 430/795/408
f 465/796/441 502/798/476 504/799/478 467/797/443
f 502/798/476 539/800/511 541/801/513 504/799/478
f 539/800/511 576/802/546 578/803/548 541/801/513
f 576/802/546 613/804/581 615/805/583 578/803/548
f 613/804/581 650/806/616 652/807/618 615/805/583
f 650/806/616 687/808/28 689/809/29 652/807/618
f 687/808/28 724/810/63 726/811/64 689/809/29
f 724/810/63 761/812/98 763/813/694 726/811/64
f 761/812/98 798/814/133 800/815/134 763/813/694
f 798/814/133 835/816/168 837/817/169 800/815/134
f 835/816/168 872/818/203 874/819/204 837/817/169
f 872/818/203 909/820/238 911/821/239 874/819/204
f 909/820/238 946/822/273 948/823/811 911/821/239
f 946/822/273 983/824/308 985/825/309 948/823/811
f 983/824/308 1020/826/343 1022/827/344 985/825/309
f 1020/826/343 1057/828/378 1059/829/379 1022/827/344
f 1057/828/378 1094/830/413 1096/831/414 1059/829/379
f 1094/830/413 1131/832/448 1133/833/449 1096/831/414
f 1131/832/448 1168/834/483 1170/835/484 1133/833/449
f 1168/834/483 1205/836/518 1207/837/519 1170/835/484
f 1205/836/518 1242/838/553 1244/839/554 1207/837/519
f 1242/838/553 1279/840/588 1281/841/589 1244/839/554
f 1279/840/588 1316/842/623 1318/843/624 1281/841/589
f 1316/842/623 21/772/21 23/775/23 1318/843/624
f 23/775/23 60/774/58 59/844/57 22/845/22
f 60/774/58 97/777/93 96/846/92 59/844/57
f 97/777/93 134/779/128 133/847/127 96/846/92
f 134/779/128 171/781/163 170/848/162 133/847/127
f 171/781/163 208/783/198 207/849/197 170/848/162
f 208/783/198 245/785/233 244/850/232 207/849/197
f 245/785/233 282/787/268 281/851/267 244/850/232
f 282/787/268 319/789/303 318/852/302 281/851/267
f 319/789/303 356/791/338 355/853/337 318/852/302
f 356/791/338 393/793/373 392/854/372 355/853/337
f 393/793/373 430/795/408 429/855/407 392/854/372
f 430/795/408 467/797/443 466/856/442 429/855/407
f 467/797/443 504/799/478 503/857/477 466/856/442
f 504/799/478 541/801/513 540/858/512 503/857/477
f 541/801/513 578/803/548 577/859/547 540/858/512
f 578/803/548 615/805/583 614/860/582 577/859/547
f 615/805/583 652/807/618 651/861/617 614/860/582
f 652/807/618 689/809/29 688/862/27 651/861/617
f 689/809/29 726/811/64 725/863/62 688/862/27
f 726/811/64 763/813/694 762/864/97 725/863/62
f 763/813/694 800/815/134 799/865/132 762/864/97
f 800/815/134 837/817/169 836/866/167 799/865/132
f 837/817/169 874/819/204 873/867/202 836/866/167
f 874/819/204 911/821/239 910/868/237 873/867/202
f 911/821/239 948/823/811 947/869/272 910/868/237
f 948/823/811 985/825/309 984/870/307 947/869/272
f 985/825/309 1022/827/344 1021/871/342 984/870/307
f 1022/827/344 1059/829/379 1058/872/377 1021/871/342
f 1059/829/379 1096/831/414 1095/873/412 1058/872/377
f 1096/831/414 1133/833/449 1132/874/447 1095/873/412
f 1133/833/449 1170/835/484 1169/875/482 1132/874/447
f 1170/835/484 1207/837/519 1206/876/517 1169/875/482
f 1207/837/519 1244/839/554 1243/877/552 1206/876/517
f 1244/839/554 1281/841/589 1280/878/587 1243/877/552
f 1281/841/589 1318/843/624 1317/879/622 1280/878/587
f 1318/843/624 23/775/23 22/845/22 1317/879/622
f 21/772/21 2/880/2 39/881/2 58/773/56
f 58/773/56 39/881/2 76/882/2 95/776/91
f 95/776/91 76/882/2 113/883/2 132/778/126
f 132/778/126 113/883/2 150/884/2 169/780/161
f 169/780/161 150/884/2 187/885/2 206/782/196
f 206/782/196 187/885/2 224/886/2 243/784/231
f 243/784/231 224/886/2 261/887/2 280/786/266
f 280/786/266 261/887/2 298/888/2 317/788/301
f 317/788/301 298/888/2 335/889/2 354/790/336
f 354/790/336 335/889/2 372/890/2 391/792/371
f 391/792/371 372/890/2 409/891/2 428/794/406
f 428/794/406 409/891/2 446/892/2 465/796/441
f 465/796/441 446/892/2 483/893/2 502/798/476
f 502/798/476 483/893/2 520/894/2 539/800/511
f 539/800/511 520/894/2 557/895/2 576/802/546
f 576/802/546 557/895/2 594/896/2 613/804/581
f 613/804/581 594/896/2 631/897/2 650/806/616
f 650/806/616 631/897/2 668/898/2 687/808/28
f 687/808/28 668/898/2 705/899/2 724/810/63
f 724/810/63 705/899/2 742/900/2 761/812/98
f 761/812/98 742/900/2 779/901/2 798/814/133
f 798/814/133 779/901/2 816/902/2 835/816/168
f 835/816/168 816/902/2 853/903/2 872/818/203
f 872/818/203 853/903/2 890/904/2 909/820/238
f 909/820/238 890/904/2 927/905/2 946/822/273
f 946/822/273 927/905/2 964/906/2 983/824/308
f 983/824/308 964/906/2 1001/907/2 1020/826/343
f 1020/826/343 1001/907/2 1038/908/2 1057/828/378
f 1057/828/378 1038/908/2 1075/909/2 1094/830/413
f 1094/830/413 1075/909/2 1112/910/2 1131/832/448
f 1131/832/448 1112/910/2 1149/911/2 1168/834/483
f 1168/834/483 1149/911/2 1186/912/2 1205/836/518
f 1205/836/518 1186/912/2 1223/913/2 1242/838/553
f 1242/838/553 1223/913/2 1260/914/2 1279/840/588
f 1279/840/588 1260/914/2 1297/915/2 1316/842/623
f 1316/842/623 1297/915/2 2/880/2 21/772/21
f 25/1024/25 22/845/22 59/844/57 62/1025/60
f 62/1025/60 59/844/57 96/846/92 99/1026/95
f 99/1026/95 96/846/92 133/847/127 136/1027/130
f 136/1027/130 133/847/127 170/848/162 173/1028/165
f 173/1028/165 170/848/162 207/849/197 210/1029/200
f 210/1029/200 207/849/197 244/850/232 247/1030/235
f 247/1030/235 244/850/232 281/851/267 284/1031/270
f 284/1031/270 281/851/267 318/852/302 321/1032/305
f 321/1032/305 318/852/302 355/853/337 358/1033/340
f 358/1033/340 355/853/337 392/854/372 395/1034/375
f 395/1034/375 392/854/372 429/855/407 432/1035/410
f 432/1035/410 429/855/407 466/856/442 469/1036/445
f 469/1036/445 466/856/442 503/857/477 506/1037/480
f 506/1037/480 503/857/477 540/858/512 543/1038/515
f 543/1038/515 540/858/512 577/859/547 580/1039/550
f 580/1039/550 577/859/547 614/860/582 617/1040/585
f 617/1040/585 614/860/582 651/861/617 654/1041/620
f 654/1041/620 651/861/617 688/862/27 691/1042/18
f 691/1042/18 688/862/27 725/863/62 728/1043/53
f 728/1043/53 725/863/62 762/864/97 765/1044/88
f 765/1044/88 762/864/97 799/865/132 802/1045/123
f 802/1045/123 799/865/132 836/866/167 839/1046/158
f 839/1046/158 836/866/167 873/867/202 876/1047/193
f 876/1047/193 873/867/202 910/868/237 913/1048/228
f 913/1048/228 910/868/237 947/869/272 950/1049/263
f 950/1049/263 947/869/272 984/870/307 987/1050/298
f 987/1050/298 984/870/307 1021/871/342 1024/1051/333
f 1024/1051/333 1021/871/342 1058/872/377 1061/1052/368
f 1061/1052/368 1058/872/377 1095/873/412 1098/1053/403
f 1098/1053/403 1095/873/412 1132/874/447 1135/1054/438
f 1135/1054/438 1132/874/447 1169/875/482 1172/1055/473
f 1172/1055/473 1169/875/482 1206/876/517 1209/1056/508
f 1209/1056/508 1206/876/517 1243/877/552 1246/1057/543
f 1246/1057/543 1243/877/552 1280/878/587 1283/1058/578
f 1283/1058/578 1280/878/587 1317/879/622 1320/1059/613
f 1320/1059/613 1317/879/622 22/845/22 25/1024/25
f 39/881/2 2/880/2 1297/915/2 1260/914/2 1223/913/2 1186/912/2 1149/911/2 1112/910/2 1075/909/2 1038/908/2 1001/907/2 964/906/2 927/905/2 890/904/2 853/903/2 816/902/2 779/901/2 742/900/2 705/899/2 668/898/2 631/897/2 594/896/2 557/895/2 520/894/2 483/893/2 446/892/2 409/891/2 372/890/2 335/889/2 298/888/2 261/887/2 224/886/2 187/885/2 150/884/2 113/883/2 76/882/2
